ticket_id,created_at,first_response_at,resolved_at,team_id,priority,channel,category,status,response_hours,resolution_hours,satisfaction_score
TK00001,2026-06-06 15:04:00+00:00,2026-06-06 19:35:56.717000+00:00,2026-06-08 20:22:54.594000+00:00,T04,Medium,Web,Account Access,Resolved,4.53,53.32,3.0
TK00002,2026-05-18 14:39:00+00:00,2026-05-18 17:57:01.388000+00:00,2026-05-20 02:58:18.144000+00:00,T03,High,Email,Billing Query,Resolved,3.3,36.32,5.0
TK00003,2026-07-09 18:22:00+00:00,2026-07-09 23:05:43.514000+00:00,,T03,Medium,Chat,Billing Query,Pending,4.73,,
TK00004,2026-06-11 15:01:00+00:00,2026-06-11 19:30:23.764000+00:00,2026-06-12 05:57:05.854000+00:00,T03,Medium,Email,Billing Query,Resolved,4.49,14.93,4.0
TK00005,2026-07-17 14:04:00+00:00,2026-07-17 15:22:30.891000+00:00,2026-07-18 06:40:50.208000+00:00,T01,Medium,Chat,Account Access,Resolved,1.31,16.61,5.0
TK00006,2026-06-25 10:13:00+00:00,2026-06-25 14:40:57.006000+00:00,2026-06-28 21:16:46.256000+00:00,T03,Medium,Web,Billing Query,Resolved,4.47,83.06,2.0
TK00007,2026-06-16 11:46:00+00:00,2026-06-16 16:56:44.874000+00:00,,T01,Low,Email,Delivery Question,Open,5.18,,
TK00008,2026-05-07 08:53:00+00:00,2026-05-07 12:15:29.473000+00:00,2026-05-09 01:22:44.023000+00:00,T02,Low,Web,Account Access,Resolved,3.37,40.5,3.0
TK00009,2026-07-25 16:23:00+00:00,2026-07-25 20:08:34.376000+00:00,2026-07-26 18:24:44.829000+00:00,T04,High,Chat,Cancellation,Resolved,3.76,26.03,4.0
TK00010,2026-06-22 15:59:00+00:00,2026-06-22 19:47:04.041000+00:00,2026-06-23 08:10:40.567000+00:00,T01,High,Email,Delivery Question,Resolved,3.8,16.19,4.0
TK00011,2026-07-22 14:37:00+00:00,2026-07-22 16:46:35.781000+00:00,,T02,High,Email,Technical Issue,Open,2.16,,
TK00012,2026-07-14 17:43:00+00:00,2026-07-14 21:39:15.939000+00:00,2026-07-17 12:08:17.158000+00:00,T04,Low,Email,Cancellation,Resolved,3.94,66.42,4.0
TK00013,2026-06-18 13:13:00+00:00,2026-06-18 17:57:51.389000+00:00,2026-06-19 18:00:48.863000+00:00,T02,Medium,Email,Account Access,Resolved,4.75,28.8,3.0
TK00014,2026-05-25 15:39:00+00:00,2026-05-25 18:35:44.521000+00:00,,T04,High,Chat,Delivery Question,Open,2.95,,
TK00015,2026-06-25 18:59:00+00:00,2026-06-25 22:08:50.703000+00:00,2026-06-26 21:35:00.377000+00:00,T01,Low,Chat,Account Access,Resolved,3.16,26.6,3.0
TK00016,2026-06-13 15:27:00+00:00,2026-06-13 16:22:28.104000+00:00,2026-06-14 20:14:55.559000+00:00,T02,Low,Phone,Account Access,Resolved,0.92,28.8,5.0
TK00017,2026-06-21 09:10:00+00:00,2026-06-21 17:55:53.116000+00:00,2026-06-24 16:21:56.358000+00:00,T04,Medium,Web,Cancellation,Resolved,8.76,79.2,3.0
TK00018,2026-07-08 17:51:00+00:00,2026-07-09 01:06:08.737000+00:00,2026-07-11 03:54:45.916000+00:00,T04,Low,Chat,Account Access,Resolved,7.25,58.06,4.0
TK00019,2026-06-01 17:26:00+00:00,2026-06-01 20:26:19.278000+00:00,2026-06-02 08:45:18.052000+00:00,T01,Medium,Chat,Account Access,Resolved,3.01,15.32,5.0
TK00020,2026-07-11 09:35:00+00:00,2026-07-11 12:33:28.028000+00:00,,T01,Low,Phone,Delivery Question,Pending,2.97,,
TK00021,2026-07-08 08:55:00+00:00,2026-07-08 11:59:31.330000+00:00,2026-07-08 20:48:18.276000+00:00,T01,Medium,Email,Account Access,Resolved,3.08,11.89,4.0
TK00022,2026-06-08 14:54:00+00:00,2026-06-08 16:09:47.935000+00:00,2026-06-09 06:26:48.583000+00:00,T01,High,Chat,Account Access,Resolved,1.26,15.55,4.0
TK00023,2026-07-08 14:02:00+00:00,2026-07-08 18:21:22.413000+00:00,2026-07-10 05:24:07.966000+00:00,T01,Medium,Email,Cancellation,Resolved,4.32,39.37,4.0
TK00024,2026-07-04 09:13:00+00:00,2026-07-04 11:06:46.139000+00:00,,T01,High,Chat,Delivery Question,Pending,1.9,,
TK00025,2026-05-17 09:11:00+00:00,2026-05-17 15:38:53.679000+00:00,2026-05-18 09:37:40.597000+00:00,T03,Medium,Email,Billing Query,Resolved,6.46,24.44,4.0
TK00026,2026-06-03 13:05:00+00:00,2026-06-03 14:14:21.329000+00:00,2026-06-06 11:26:55.904000+00:00,T02,Medium,Phone,Technical Issue,Resolved,1.16,70.37,4.0
TK00027,2026-05-14 09:24:00+00:00,2026-05-14 13:42:34.252000+00:00,2026-05-17 08:04:11.933000+00:00,T03,Medium,Email,Billing Query,Resolved,4.31,70.67,2.0
TK00028,2026-05-06 14:43:00+00:00,2026-05-06 21:27:23.903000+00:00,2026-05-07 18:54:46.320000+00:00,T03,Medium,Web,Billing Query,Resolved,6.74,28.2,4.0
TK00029,2026-07-07 16:54:00+00:00,2026-07-07 20:13:23.034000+00:00,2026-07-09 01:23:53.447000+00:00,T02,Medium,Email,Technical Issue,Resolved,3.32,32.5,3.0
TK00030,2026-05-28 13:02:00+00:00,2026-05-28 16:14:35.573000+00:00,,T01,Medium,Chat,Account Access,Pending,3.21,,
TK00031,2026-05-25 08:08:00+00:00,2026-05-25 12:28:30.504000+00:00,2026-05-26 15:20:57.117000+00:00,T02,Medium,Email,Account Access,Resolved,4.34,31.22,3.0
TK00032,2026-05-20 17:22:00+00:00,2026-05-20 17:50:36.774000+00:00,2026-05-22 14:01:06.865000+00:00,T02,Medium,Chat,Technical Issue,Resolved,0.48,44.65,3.0
TK00033,2026-07-14 18:49:00+00:00,2026-07-14 19:43:28.241000+00:00,2026-07-16 07:20:05.099000+00:00,T03,Medium,Phone,Billing Query,Resolved,0.91,36.52,3.0
TK00034,2026-05-25 15:20:00+00:00,2026-05-25 23:09:40.467000+00:00,2026-05-27 21:53:17.851000+00:00,T03,Low,Email,Billing Query,Resolved,7.83,54.55,2.0
TK00035,2026-05-11 11:09:00+00:00,2026-05-11 13:03:46.881000+00:00,2026-05-12 00:48:30.166000+00:00,T01,High,Web,Account Access,Resolved,1.91,13.66,5.0
TK00036,2026-06-26 13:18:00+00:00,2026-06-26 15:34:26.005000+00:00,2026-06-27 23:35:55.249000+00:00,T02,Medium,Chat,Account Access,Resolved,2.27,34.3,4.0
TK00037,2026-07-12 17:52:00+00:00,2026-07-12 18:51:07.101000+00:00,2026-07-13 05:40:08.649000+00:00,T02,Urgent,Email,Technical Issue,Resolved,0.99,11.8,4.0
TK00038,2026-06-01 11:05:00+00:00,2026-06-01 12:50:37.950000+00:00,2026-06-02 11:37:08.858000+00:00,T02,Medium,Chat,Account Access,Resolved,1.76,24.54,5.0
TK00039,2026-07-03 12:27:00+00:00,2026-07-03 17:07:41.395000+00:00,2026-07-05 12:33:24.879000+00:00,T04,Low,Chat,Cancellation,Resolved,4.68,48.11,2.0
TK00040,2026-07-13 17:03:00+00:00,2026-07-13 20:42:08.345000+00:00,2026-07-15 07:03:44.831000+00:00,T02,Medium,Web,Technical Issue,Resolved,3.65,38.01,2.0
TK00041,2026-05-12 11:21:00+00:00,2026-05-12 13:51:39.850000+00:00,2026-05-14 04:36:23.721000+00:00,T03,Low,Chat,Billing Query,Resolved,2.51,41.26,4.0
TK00042,2026-07-24 13:14:00+00:00,2026-07-24 17:00:17.290000+00:00,2026-07-26 08:41:05.135000+00:00,T04,High,Web,Cancellation,Resolved,3.77,43.45,5.0
TK00043,2026-06-22 09:13:00+00:00,2026-06-22 10:51:21.333000+00:00,2026-06-23 02:34:51.828000+00:00,T01,High,Chat,Delivery Question,Resolved,1.64,17.36,4.0
TK00044,2026-05-07 09:53:00+00:00,2026-05-07 11:44:17.271000+00:00,2026-05-09 03:18:53.643000+00:00,T02,Medium,Chat,Technical Issue,Resolved,1.85,41.43,3.0
TK00045,2026-07-24 08:29:00+00:00,2026-07-24 12:15:00.976000+00:00,2026-07-27 08:56:17.452000+00:00,T02,Medium,Web,Technical Issue,Resolved,3.77,72.45,3.0
TK00046,2026-06-19 15:10:00+00:00,2026-06-19 18:56:36.353000+00:00,2026-06-21 19:50:42.354000+00:00,T04,Medium,Chat,Delivery Question,Resolved,3.78,52.68,5.0
TK00047,2026-05-05 18:57:00+00:00,2026-05-05 22:53:05.873000+00:00,2026-05-06 03:12:24.289000+00:00,T01,High,Email,Account Access,Resolved,3.93,8.26,5.0
TK00048,2026-07-05 14:43:00+00:00,,,T02,High,Web,Technical Issue,Open,1.98,,
TK00049,2026-05-27 10:37:00+00:00,2026-05-27 12:37:37.774000+00:00,2026-05-27 20:19:56.610000+00:00,T01,High,Email,Account Access,Resolved,2.01,9.72,5.0
TK00050,2026-06-14 11:52:00+00:00,2026-06-14 15:50:40.090000+00:00,2026-06-15 13:33:41.780000+00:00,T03,High,Email,Billing Query,Resolved,3.98,25.69,4.0
TK00051,2026-05-11 17:08:00+00:00,2026-05-11 23:29:21.252000+00:00,2026-05-13 11:00:37.029000+00:00,T04,High,Email,Billing Query,Resolved,6.36,41.88,3.0
TK00052,2026-06-11 15:51:00+00:00,2026-06-11 19:04:16.821000+00:00,2026-06-13 10:44:09.768000+00:00,T02,Medium,Email,Technical Issue,Resolved,3.22,42.89,4.0
TK00053,2026-06-12 14:48:00+00:00,2026-06-12 16:33:52.064000+00:00,2026-06-13 08:28:54.774000+00:00,T03,High,Phone,Billing Query,Resolved,1.76,17.68,5.0
TK00054,2026-07-06 18:45:00+00:00,2026-07-06 20:20:47.803000+00:00,,T03,Low,Chat,Billing Query,Open,1.6,,
TK00055,2026-05-25 17:45:00+00:00,2026-05-25 19:14:05.883000+00:00,2026-05-26 19:30:41.806000+00:00,T02,Medium,Chat,Account Access,Resolved,1.48,25.76,3.0
TK00056,2026-06-17 17:28:00+00:00,2026-06-17 22:38:08.342000+00:00,2026-06-18 11:58:27.243000+00:00,T03,High,Chat,Billing Query,Resolved,5.17,18.51,4.0
TK00057,2026-07-21 18:58:00+00:00,2026-07-21 21:10:37.796000+00:00,2026-07-24 12:47:10.496000+00:00,T02,Low,Email,Technical Issue,Resolved,2.21,65.82,5.0
TK00058,2026-06-28 17:44:00+00:00,2026-06-28 22:19:11.203000+00:00,2026-06-30 16:20:02.447000+00:00,T03,Medium,Chat,Billing Query,Resolved,4.59,46.6,3.0
TK00059,2026-06-13 15:27:00+00:00,2026-06-13 17:51:37.712000+00:00,2026-06-14 08:46:03.727000+00:00,T02,High,Web,Technical Issue,Resolved,2.41,17.32,5.0
TK00060,2026-07-07 12:51:00+00:00,2026-07-08 00:12:08.103000+00:00,2026-07-09 18:01:24.884000+00:00,T03,Low,Email,Billing Query,Resolved,11.35,53.17,3.0
TK00061,2026-05-16 13:16:00+00:00,2026-05-16 15:23:17.577000+00:00,,T01,High,Chat,Account Access,Pending,2.12,,
TK00062,2026-07-16 09:07:00+00:00,2026-07-16 11:14:52.169000+00:00,2026-07-16 20:49:55.878000+00:00,T02,Medium,Phone,Account Access,Resolved,2.13,11.72,5.0
TK00063,2026-06-12 15:07:00+00:00,2026-06-12 18:07:53.258000+00:00,,T04,Medium,Chat,Cancellation,Pending,3.01,,
TK00064,2026-06-29 12:01:00+00:00,2026-06-29 15:34:15.029000+00:00,2026-07-01 00:07:46.551000+00:00,T01,Medium,Email,Delivery Question,Resolved,3.55,36.11,4.0
TK00065,2026-05-13 13:28:00+00:00,2026-05-13 17:19:52.052000+00:00,2026-05-14 07:03:03.099000+00:00,T01,Medium,Web,Delivery Question,Resolved,3.86,17.58,4.0
TK00066,2026-06-12 10:53:00+00:00,2026-06-12 14:44:56.745000+00:00,2026-06-13 00:01:59.765000+00:00,T01,Medium,Email,Cancellation,Resolved,3.87,13.15,5.0
TK00067,2026-07-02 09:51:00+00:00,2026-07-02 12:17:28.158000+00:00,2026-07-03 12:02:45.470000+00:00,T03,High,Chat,Delivery Question,Resolved,2.44,26.2,4.0
TK00068,2026-07-08 10:48:00+00:00,2026-07-08 15:50:38.434000+00:00,2026-07-09 20:44:42.787000+00:00,T04,High,Email,Billing Query,Resolved,5.04,33.95,5.0
TK00069,2026-07-06 10:06:00+00:00,2026-07-06 13:59:50.170000+00:00,2026-07-07 04:57:23.172000+00:00,T03,High,Email,Billing Query,Resolved,3.9,18.86,5.0
TK00070,2026-05-21 11:20:00+00:00,2026-05-21 12:11:41.924000+00:00,,T03,High,Phone,Billing Query,Open,0.86,,
TK00071,2026-06-20 17:05:00+00:00,2026-06-20 22:37:36.757000+00:00,2026-06-21 13:05:05.627000+00:00,T02,Medium,Email,Technical Issue,Resolved,5.54,20.0,4.0
TK00072,2026-06-12 14:20:00+00:00,2026-06-12 19:33:03.170000+00:00,2026-06-14 17:07:51.735000+00:00,T02,Medium,Web,Technical Issue,Resolved,5.22,50.8,3.0
TK00073,2026-06-12 10:32:00+00:00,2026-06-12 14:27:38.606000+00:00,2026-06-13 12:10:08.117000+00:00,T02,Medium,Email,Technical Issue,Resolved,3.93,25.64,4.0
TK00074,2026-07-05 17:56:00+00:00,2026-07-05 21:03:08.395000+00:00,2026-07-09 12:49:38.746000+00:00,T02,Low,Chat,Technical Issue,Resolved,3.12,90.89,3.0
TK00075,2026-07-11 09:00:00+00:00,2026-07-11 14:30:23.714000+00:00,2026-07-13 01:31:00.741000+00:00,T04,High,Email,Cancellation,Resolved,5.51,40.52,4.0
TK00076,2026-06-27 14:34:00+00:00,2026-06-27 19:12:44.218000+00:00,2026-06-30 17:49:25.372000+00:00,T04,Medium,Chat,Cancellation,Resolved,4.65,75.26,4.0
TK00077,2026-05-16 12:22:00+00:00,2026-05-16 16:55:53.900000+00:00,2026-05-18 05:29:21.827000+00:00,T03,Medium,Chat,Billing Query,Resolved,4.56,41.12,2.0
TK00078,2026-06-28 11:19:00+00:00,2026-06-28 16:42:26.365000+00:00,2026-06-30 05:04:00.674000+00:00,T04,High,Email,Delivery Question,Resolved,5.39,41.75,5.0
TK00079,2026-05-14 16:06:00+00:00,2026-05-14 18:40:06.472000+00:00,2026-05-15 19:00:54.980000+00:00,T02,High,Email,Account Access,Resolved,2.57,26.92,5.0
TK00080,2026-05-20 12:34:00+00:00,2026-05-20 15:21:07.044000+00:00,2026-05-21 23:07:33.001000+00:00,T03,Medium,Chat,Delivery Question,Resolved,2.79,34.56,5.0
TK00081,2026-05-11 09:28:00+00:00,2026-05-11 11:37:15.320000+00:00,2026-05-12 11:17:26.364000+00:00,T02,High,Chat,Technical Issue,Resolved,2.15,25.82,5.0
TK00082,2026-07-08 10:56:00+00:00,2026-07-08 13:53:56.276000+00:00,2026-07-09 20:32:32.928000+00:00,T02,Medium,Chat,Technical Issue,Resolved,2.97,33.61,4.0
TK00083,2026-07-25 17:54:00+00:00,2026-07-25 20:09:52.107000+00:00,2026-07-28 05:33:24.240000+00:00,T02,Medium,Chat,Technical Issue,Resolved,2.26,59.66,5.0
TK00084,2026-07-21 09:48:00+00:00,2026-07-21 11:53:06.857000+00:00,2026-07-23 22:20:54.281000+00:00,T03,High,Chat,Billing Query,Resolved,2.09,60.55,3.0
TK00085,2026-05-22 17:46:00+00:00,2026-05-22 21:34:14.514000+00:00,,T01,Medium,Email,Account Access,Open,3.8,,
TK00086,2026-07-08 13:33:00+00:00,2026-07-08 15:06:57.760000+00:00,2026-07-09 12:04:09.911000+00:00,T02,High,Email,Technical Issue,Resolved,1.57,22.52,4.0
TK00087,2026-06-21 16:24:00+00:00,2026-06-21 21:21:58.547000+00:00,2026-06-23 17:49:00.660000+00:00,T03,Low,Chat,Billing Query,Resolved,4.97,49.42,3.0
TK00088,2026-05-17 11:54:00+00:00,2026-05-17 17:18:02.847000+00:00,2026-05-19 09:02:16.976000+00:00,T03,Medium,Email,Billing Query,Resolved,5.4,45.14,3.0
TK00089,2026-07-09 08:11:00+00:00,2026-07-09 12:39:59.432000+00:00,2026-07-11 08:20:06.196000+00:00,T02,Medium,Web,Technical Issue,Resolved,4.48,48.15,3.0
TK00090,2026-06-02 14:27:00+00:00,2026-06-02 16:51:16.302000+00:00,,T04,High,Chat,Cancellation,Pending,2.4,,
TK00091,2026-05-04 14:07:00+00:00,2026-05-04 15:28:23.375000+00:00,2026-05-06 11:32:23.550000+00:00,T02,High,Email,Technical Issue,Resolved,1.36,45.42,4.0
TK00092,2026-06-10 12:41:00+00:00,2026-06-10 15:06:57.926000+00:00,2026-06-12 07:12:25.730000+00:00,T03,High,Chat,Billing Query,Resolved,2.43,42.52,5.0
TK00093,2026-06-01 17:05:00+00:00,2026-06-01 20:15:56.645000+00:00,2026-06-02 07:18:12.154000+00:00,T01,Medium,Email,Account Access,Resolved,3.18,14.22,4.0
TK00094,2026-06-05 09:29:00+00:00,2026-06-05 13:27:40.068000+00:00,,T02,Medium,Email,Technical Issue,Pending,3.98,,
TK00095,2026-06-05 14:51:00+00:00,2026-06-05 19:14:42.444000+00:00,2026-06-07 16:46:29.435000+00:00,T02,Medium,Email,Technical Issue,Resolved,4.4,49.92,3.0
TK00096,2026-07-23 16:28:00+00:00,2026-07-23 21:59:55.087000+00:00,2026-07-24 20:30:25.451000+00:00,T04,Medium,Email,Delivery Question,Resolved,5.53,28.04,5.0
TK00097,2026-06-25 16:15:00+00:00,2026-06-25 23:43:57.514000+00:00,2026-06-29 01:15:25.880000+00:00,T02,Low,Web,Technical Issue,Resolved,7.48,81.01,4.0
TK00098,2026-06-05 14:33:00+00:00,2026-06-05 17:08:39.773000+00:00,,T01,Medium,Chat,Delivery Question,Pending,2.59,,
TK00099,2026-05-13 14:43:00+00:00,2026-05-13 19:44:12.263000+00:00,2026-05-15 03:46:21.042000+00:00,T04,Low,Chat,Account Access,Resolved,5.02,37.06,5.0
TK00100,2026-05-21 08:54:00+00:00,2026-05-21 15:51:28.587000+00:00,2026-05-21 23:09:38.861000+00:00,T01,Medium,Email,Account Access,Resolved,6.96,14.26,4.0
TK00101,2026-05-16 11:15:00+00:00,2026-05-16 15:56:14.753000+00:00,2026-05-17 23:05:28.657000+00:00,T01,Low,Chat,Billing Query,Resolved,4.69,35.84,3.0
TK00102,2026-07-21 16:43:00+00:00,2026-07-21 22:12:34.893000+00:00,2026-07-23 00:23:01.335000+00:00,T04,Medium,Email,Cancellation,Resolved,5.49,31.67,5.0
TK00103,2026-05-10 08:55:00+00:00,2026-05-10 12:05:11.945000+00:00,2026-05-12 04:08:29.555000+00:00,T02,Medium,Email,Technical Issue,Resolved,3.17,43.22,3.0
TK00104,2026-05-08 08:53:00+00:00,2026-05-08 13:50:42.393000+00:00,2026-05-09 23:29:48.984000+00:00,T03,Medium,Email,Billing Query,Resolved,4.96,38.61,2.0
TK00105,2026-07-23 17:17:00+00:00,2026-07-23 23:28:43.965000+00:00,2026-07-26 01:44:21.235000+00:00,T03,Medium,Email,Billing Query,Resolved,6.2,56.46,2.0
TK00106,2026-06-27 08:33:00+00:00,2026-06-27 12:03:05.946000+00:00,2026-06-29 00:35:33.128000+00:00,T03,High,Chat,Billing Query,Resolved,3.5,40.04,3.0
TK00107,2026-06-30 17:36:00+00:00,2026-07-01 05:32:06.696000+00:00,2026-07-02 00:58:46.997000+00:00,T04,Medium,Web,Delivery Question,Resolved,11.94,31.38,3.0
TK00108,2026-07-08 12:42:00+00:00,2026-07-08 19:46:22.494000+00:00,2026-07-09 15:10:46.787000+00:00,T04,Medium,Email,Delivery Question,Resolved,7.07,26.48,5.0
TK00109,2026-05-15 15:53:00+00:00,2026-05-15 19:20:21.417000+00:00,,T04,High,Email,Cancellation,Pending,3.46,,
TK00110,2026-05-21 10:58:00+00:00,2026-05-21 13:49:24.191000+00:00,2026-05-23 07:03:38.186000+00:00,T03,Medium,Web,Cancellation,Resolved,2.86,44.09,3.0
TK00111,2026-05-05 11:01:00+00:00,2026-05-05 12:18:27.186000+00:00,2026-05-06 04:45:12.929000+00:00,T02,Urgent,Chat,Technical Issue,Resolved,1.29,17.74,4.0
TK00112,2026-07-06 14:49:00+00:00,2026-07-06 21:15:25.505000+00:00,,T04,Low,Email,Account Access,Open,6.44,,
TK00113,2026-07-01 13:45:00+00:00,2026-07-01 15:39:37.770000+00:00,,T01,High,Chat,Account Access,Open,1.91,,
TK00114,2026-06-04 13:21:00+00:00,2026-06-04 20:42:40.865000+00:00,2026-06-05 14:02:00.726000+00:00,T01,Low,Web,Billing Query,Resolved,7.36,24.68,3.0
TK00115,2026-06-30 08:43:00+00:00,2026-06-30 15:38:07.445000+00:00,2026-07-02 15:10:03.692000+00:00,T04,High,Email,Cancellation,Resolved,6.92,54.45,1.0
TK00116,2026-06-10 11:06:00+00:00,2026-06-10 14:32:48.385000+00:00,2026-06-11 07:02:00.560000+00:00,T01,Low,Chat,Account Access,Resolved,3.45,19.93,5.0
TK00117,2026-06-12 08:00:00+00:00,2026-06-12 15:09:11.671000+00:00,2026-06-13 07:10:12.450000+00:00,T04,Medium,Web,Cancellation,Resolved,7.15,23.17,5.0
TK00118,2026-07-06 10:58:00+00:00,2026-07-06 23:02:19.788000+00:00,2026-07-08 08:33:35.622000+00:00,T03,Low,Web,Delivery Question,Resolved,12.07,45.59,3.0
TK00119,2026-07-05 15:10:00+00:00,2026-07-05 18:08:38.283000+00:00,2026-07-05 19:57:51.130000+00:00,T02,Urgent,Web,Technical Issue,Resolved,2.98,4.8,5.0
TK00120,2026-06-20 12:48:00+00:00,2026-06-20 18:08:19.244000+00:00,2026-06-21 19:50:12.847000+00:00,T01,Low,Email,Delivery Question,Resolved,5.34,31.04,2.0
TK00121,2026-05-12 12:59:00+00:00,2026-05-12 18:50:44.146000+00:00,,T04,Low,Web,Cancellation,Pending,5.86,,
TK00122,2026-05-10 10:49:00+00:00,2026-05-10 13:05:28.408000+00:00,2026-05-11 17:01:45.594000+00:00,T04,High,Chat,Account Access,Resolved,2.27,30.21,4.0
TK00123,2026-05-24 14:44:00+00:00,2026-05-24 16:49:19.704000+00:00,,T03,High,Chat,Billing Query,Pending,2.09,,
TK00124,2026-07-24 11:40:00+00:00,2026-07-24 13:23:55.299000+00:00,,T02,Medium,Chat,Technical Issue,Pending,1.73,,
TK00125,2026-06-17 14:33:00+00:00,2026-06-17 18:38:50.730000+00:00,2026-06-18 22:52:51.947000+00:00,T04,High,Web,Delivery Question,Resolved,4.1,32.33,5.0
TK00126,2026-07-08 13:12:00+00:00,2026-07-08 15:16:04.698000+00:00,2026-07-11 00:57:43.315000+00:00,T02,Low,Phone,Technical Issue,Resolved,2.07,59.76,3.0
TK00127,2026-06-01 13:40:00+00:00,2026-06-01 17:39:17.356000+00:00,2026-06-03 10:28:16.963000+00:00,T03,Medium,Web,Cancellation,Resolved,3.99,44.8,3.0
TK00128,2026-06-08 14:22:00+00:00,2026-06-08 16:52:11.819000+00:00,2026-06-09 00:26:01.498000+00:00,T01,Medium,Email,Account Access,Resolved,2.5,10.07,5.0
TK00129,2026-06-01 18:19:00+00:00,2026-06-02 00:26:56.122000+00:00,2026-06-03 09:47:57.972000+00:00,T03,Low,Chat,Delivery Question,Resolved,6.13,39.48,2.0
TK00130,2026-07-25 12:28:00+00:00,2026-07-25 15:10:58.173000+00:00,,T01,High,Chat,Billing Query,Open,2.72,,
TK00131,2026-06-23 12:16:00+00:00,2026-06-23 17:38:50.335000+00:00,2026-06-27 01:51:27.486000+00:00,T02,Low,Email,Technical Issue,Resolved,5.38,85.59,2.0
TK00132,2026-05-11 13:50:00+00:00,2026-05-11 16:20:42.890000+00:00,2026-05-13 05:17:56.548000+00:00,T03,Low,Phone,Delivery Question,Resolved,2.51,39.47,4.0
TK00133,2026-06-01 17:35:00+00:00,2026-06-01 23:43:24.764000+00:00,2026-06-02 11:55:55.558000+00:00,T01,Medium,Email,Delivery Question,Resolved,6.14,18.35,3.0
TK00134,2026-06-03 15:49:00+00:00,2026-06-03 18:44:06.625000+00:00,2026-06-04 20:47:57.962000+00:00,T01,Low,Web,Delivery Question,Resolved,2.92,28.98,4.0
TK00135,2026-07-22 08:35:00+00:00,2026-07-22 13:48:53.233000+00:00,2026-07-25 15:56:52.677000+00:00,T04,Low,Email,Billing Query,Resolved,5.23,79.36,3.0
TK00136,2026-06-01 10:48:00+00:00,2026-06-01 14:33:23.318000+00:00,2026-06-03 04:21:04.264000+00:00,T03,Low,Chat,Billing Query,Resolved,3.76,41.55,3.0
TK00137,2026-07-04 08:20:00+00:00,2026-07-04 17:43:06.451000+00:00,,T04,High,Email,Delivery Question,Open,9.39,,
TK00138,2026-05-27 14:30:00+00:00,2026-05-27 18:57:16.759000+00:00,2026-05-29 04:22:18.342000+00:00,T03,Medium,Chat,Billing Query,Resolved,4.45,37.87,4.0
TK00139,2026-05-06 14:29:00+00:00,2026-05-06 19:44:29.835000+00:00,2026-05-07 21:36:24.755000+00:00,T04,Medium,Email,Delivery Question,Resolved,5.26,31.12,4.0
TK00140,2026-07-16 11:37:00+00:00,2026-07-16 19:13:10.574000+00:00,2026-07-18 19:45:31.944000+00:00,T04,Low,Email,Delivery Question,Resolved,7.6,56.14,3.0
TK00141,2026-07-20 16:45:00+00:00,2026-07-20 20:03:38.479000+00:00,2026-07-21 09:33:44.621000+00:00,T01,Medium,Email,Account Access,Resolved,3.31,16.81,4.0
TK00142,2026-05-17 17:11:00+00:00,2026-05-17 20:37:16.642000+00:00,2026-05-18 16:35:22.051000+00:00,T03,High,Chat,Billing Query,Resolved,3.44,23.41,5.0
TK00143,2026-05-13 13:38:00+00:00,2026-05-13 15:13:35.284000+00:00,2026-05-15 14:43:44.647000+00:00,T02,High,Chat,Technical Issue,Resolved,1.59,49.1,4.0
TK00144,2026-05-26 09:38:00+00:00,2026-05-26 14:41:04.014000+00:00,,T03,Low,Web,Cancellation,Open,5.05,,
TK00145,2026-07-03 13:16:00+00:00,2026-07-03 16:07:36.579000+00:00,2026-07-03 20:40:09.307000+00:00,T01,High,Email,Account Access,Resolved,2.86,7.4,4.0
TK00146,2026-05-24 11:18:00+00:00,2026-05-24 17:08:00.004000+00:00,2026-05-26 15:22:32.868000+00:00,T03,Medium,Web,Billing Query,Resolved,5.83,52.08,3.0
TK00147,2026-06-14 15:38:00+00:00,2026-06-14 17:47:59.444000+00:00,2026-06-16 22:35:27.386000+00:00,T02,Low,Chat,Technical Issue,Resolved,2.17,54.96,5.0
TK00148,2026-05-19 10:49:00+00:00,2026-05-19 11:07:16.598000+00:00,2026-05-19 19:55:56.875000+00:00,T01,Urgent,Email,Delivery Question,Resolved,0.3,9.12,5.0
TK00149,2026-06-14 12:55:00+00:00,2026-06-14 16:13:46.770000+00:00,2026-06-16 03:17:13.081000+00:00,T02,Medium,Email,Technical Issue,Resolved,3.31,38.37,4.0
TK00150,2026-06-03 17:36:00+00:00,2026-06-03 23:29:51.247000+00:00,2026-06-04 14:35:10.305000+00:00,T01,Medium,Web,Delivery Question,Resolved,5.9,20.99,3.0
TK00151,2026-07-12 17:43:00+00:00,2026-07-12 23:24:01.355000+00:00,2026-07-13 20:30:02.072000+00:00,T03,High,Email,Billing Query,Resolved,5.68,26.78,4.0
TK00152,2026-06-15 18:25:00+00:00,2026-06-15 22:17:50.345000+00:00,2026-06-18 20:29:43.166000+00:00,T02,Medium,Chat,Technical Issue,Resolved,3.88,74.08,2.0
TK00153,2026-06-02 18:00:00+00:00,2026-06-02 21:18:07.388000+00:00,2026-06-04 09:22:04.885000+00:00,T03,High,Email,Billing Query,Resolved,3.3,39.37,4.0
TK00154,2026-05-04 14:17:00+00:00,2026-05-04 16:46:49.655000+00:00,,T02,Low,Web,Technical Issue,Open,2.5,,
TK00155,2026-05-16 11:17:00+00:00,2026-05-16 19:49:00.578000+00:00,,T03,Medium,Email,Billing Query,Open,8.53,,
TK00156,2026-06-10 10:04:00+00:00,2026-06-10 12:54:10.386000+00:00,2026-06-13 02:17:21.429000+00:00,T02,Medium,Chat,Technical Issue,Resolved,2.84,64.22,5.0
TK00157,2026-06-10 13:20:00+00:00,2026-06-10 14:18:26.482000+00:00,2026-06-12 10:44:45.513000+00:00,T02,Medium,Phone,Technical Issue,Resolved,0.97,45.41,5.0
TK00158,2026-06-10 12:07:00+00:00,2026-06-10 18:45:37.903000+00:00,2026-06-11 19:33:21.423000+00:00,T04,Medium,Web,Cancellation,Resolved,6.64,31.44,4.0
TK00159,2026-07-07 18:25:00+00:00,2026-07-07 20:49:37.786000+00:00,2026-07-10 02:07:28.386000+00:00,T02,Low,Email,Technical Issue,Resolved,2.41,55.71,4.0
TK00160,2026-05-29 12:49:00+00:00,2026-05-29 14:26:07.090000+00:00,,T02,High,Chat,Technical Issue,Pending,1.62,,
TK00161,2026-07-08 12:01:00+00:00,2026-07-08 18:00:02.289000+00:00,2026-07-09 19:35:57.396000+00:00,T01,Low,Email,Account Access,Resolved,5.98,31.58,2.0
TK00162,2026-05-18 17:37:00+00:00,2026-05-19 01:55:58.486000+00:00,2026-05-22 16:14:53.206000+00:00,T04,Low,Email,Cancellation,Resolved,8.32,94.63,2.0
TK00163,2026-07-05 10:45:00+00:00,2026-07-05 15:47:01.670000+00:00,2026-07-08 01:15:36.146000+00:00,T03,Medium,Email,Cancellation,Resolved,5.03,62.51,4.0
TK00164,2026-06-08 16:53:00+00:00,2026-06-08 21:58:13.495000+00:00,,T03,High,Email,Billing Query,Pending,5.09,,
TK00165,2026-06-07 12:22:00+00:00,2026-06-07 12:57:25.052000+00:00,2026-06-09 14:56:40.977000+00:00,T02,Medium,Chat,Technical Issue,Resolved,0.59,50.58,3.0
TK00166,2026-06-03 10:48:00+00:00,2026-06-03 16:00:29.444000+00:00,2026-06-05 10:14:46.559000+00:00,T04,Medium,Web,Delivery Question,Resolved,5.21,47.45,5.0
TK00167,2026-07-02 14:17:00+00:00,2026-07-02 21:29:04.995000+00:00,2026-07-05 08:09:30.218000+00:00,T04,Medium,Email,Cancellation,Resolved,7.2,65.88,1.0
TK00168,2026-05-05 18:52:00+00:00,2026-05-05 20:55:43.851000+00:00,2026-05-07 02:57:18.970000+00:00,T02,High,Email,Technical Issue,Resolved,2.06,32.09,5.0
TK00169,2026-07-24 12:16:00+00:00,2026-07-24 12:59:42.790000+00:00,2026-07-26 12:37:07.186000+00:00,T02,High,Chat,Technical Issue,Resolved,0.73,48.35,4.0
TK00170,2026-06-06 09:03:00+00:00,2026-06-06 10:36:03.498000+00:00,2026-06-08 05:24:10.581000+00:00,T03,High,Chat,Billing Query,Resolved,1.55,44.35,4.0
TK00171,2026-06-18 15:26:00+00:00,2026-06-18 18:11:53.913000+00:00,2026-06-19 14:32:27.862000+00:00,T02,High,Web,Account Access,Resolved,2.76,23.11,4.0
TK00172,2026-07-10 09:56:00+00:00,2026-07-10 11:59:50.921000+00:00,2026-07-13 10:05:49.922000+00:00,T03,Low,Phone,Billing Query,Resolved,2.06,72.16,3.0
TK00173,2026-06-11 14:59:00+00:00,2026-06-11 18:00:48.385000+00:00,2026-06-12 16:19:41.937000+00:00,T03,Medium,Chat,Delivery Question,Resolved,3.03,25.34,5.0
TK00174,2026-07-09 16:02:00+00:00,2026-07-09 19:05:15.543000+00:00,2026-07-10 06:41:35.361000+00:00,T01,Medium,Email,Account Access,Resolved,3.05,14.66,4.0
TK00175,2026-06-29 10:04:00+00:00,2026-06-29 13:56:15.235000+00:00,2026-07-01 06:34:49.742000+00:00,T04,Medium,Email,Cancellation,Resolved,3.87,44.51,5.0
TK00176,2026-06-20 08:09:00+00:00,2026-06-20 10:28:31.707000+00:00,,T02,Medium,Email,Technical Issue,Pending,2.33,,
TK00177,2026-05-24 09:14:00+00:00,2026-05-24 12:27:10.452000+00:00,2026-05-24 18:13:45.135000+00:00,T01,Medium,Chat,Account Access,Resolved,3.22,9.0,4.0
TK00178,2026-07-16 17:58:00+00:00,2026-07-16 18:59:24.678000+00:00,2026-07-19 09:11:29.930000+00:00,T02,Medium,Chat,Technical Issue,Resolved,1.02,63.22,3.0
TK00179,2026-06-29 13:07:00+00:00,2026-06-29 16:28:36.524000+00:00,2026-07-02 20:00:48.633000+00:00,T02,Medium,Chat,Technical Issue,Resolved,3.36,78.9,3.0
TK00180,2026-06-12 17:46:00+00:00,2026-06-13 01:28:21.635000+00:00,2026-06-14 18:10:58.681000+00:00,T03,Medium,Email,Billing Query,Resolved,7.71,48.42,3.0
TK00181,2026-05-08 13:15:00+00:00,2026-05-08 17:12:53.508000+00:00,2026-05-12 07:01:26.506000+00:00,T04,Medium,Chat,Technical Issue,Resolved,3.96,89.77,4.0
TK00182,2026-05-24 13:08:00+00:00,2026-05-24 16:21:35.801000+00:00,2026-05-26 04:19:27.518000+00:00,T04,High,Phone,Cancellation,Resolved,3.23,39.19,5.0
TK00183,2026-07-11 11:04:00+00:00,2026-07-11 17:17:02.930000+00:00,,T03,Medium,Web,Billing Query,Pending,6.22,,
TK00184,2026-06-29 13:13:00+00:00,2026-06-29 21:08:29.240000+00:00,2026-07-01 07:52:45.909000+00:00,T04,Medium,Web,Cancellation,Resolved,7.92,42.66,4.0
TK00185,2026-07-22 17:03:00+00:00,2026-07-23 01:36:54.610000+00:00,,T03,Low,Email,Billing Query,Open,8.57,,
TK00186,2026-06-10 17:13:00+00:00,2026-06-10 23:04:00.866000+00:00,2026-06-12 21:52:24.644000+00:00,T04,Medium,Email,Cancellation,Resolved,5.85,52.66,4.0
TK00187,2026-07-26 12:45:00+00:00,2026-07-26 14:55:51.540000+00:00,,T03,Low,Phone,Billing Query,Open,2.18,,
TK00188,2026-07-08 10:32:00+00:00,2026-07-08 13:22:19.241000+00:00,2026-07-09 11:20:11.966000+00:00,T02,High,Web,Technical Issue,Resolved,2.84,24.8,4.0
TK00189,2026-06-11 16:59:00+00:00,2026-06-11 19:22:38.112000+00:00,,T01,Medium,Chat,Delivery Question,Open,2.39,,
TK00190,2026-05-13 17:39:00+00:00,2026-05-13 20:19:59.752000+00:00,2026-05-14 18:07:10.603000+00:00,T02,High,Email,Technical Issue,Resolved,2.68,24.47,5.0
TK00191,2026-05-17 10:22:00+00:00,2026-05-17 11:03:24.165000+00:00,,T02,Medium,Chat,Technical Issue,Open,0.69,,
TK00192,2026-05-12 13:42:00+00:00,2026-05-12 19:13:28.269000+00:00,2026-05-13 08:43:06.496000+00:00,T02,Low,Web,Technical Issue,Resolved,5.52,19.02,4.0
TK00193,2026-06-04 17:09:00+00:00,2026-06-04 19:47:34.244000+00:00,2026-06-05 16:13:29.297000+00:00,T01,Medium,Email,Account Access,Resolved,2.64,23.07,5.0
TK00194,2026-06-28 16:13:00+00:00,2026-06-28 22:48:38.579000+00:00,2026-06-30 18:47:41.852000+00:00,T03,Low,Chat,Delivery Question,Resolved,6.59,50.58,2.0
TK00195,2026-06-12 13:36:00+00:00,2026-06-12 18:32:31.504000+00:00,2026-06-13 10:02:06.776000+00:00,T01,Medium,Email,Cancellation,Resolved,4.94,20.44,4.0
TK00196,2026-05-11 11:55:00+00:00,2026-05-11 13:37:30.837000+00:00,2026-05-13 08:42:30.989000+00:00,T02,Medium,Phone,Technical Issue,Resolved,1.71,44.79,4.0
TK00197,2026-05-24 09:42:00+00:00,2026-05-24 11:27:35.461000+00:00,2026-05-26 07:53:54.802000+00:00,T02,High,Chat,Technical Issue,Resolved,1.76,46.2,4.0
TK00198,2026-05-29 08:56:00+00:00,2026-05-29 11:09:23.719000+00:00,2026-05-30 13:22:14.259000+00:00,T02,Low,Phone,Account Access,Resolved,2.22,28.44,5.0
TK00199,2026-06-26 16:00:00+00:00,2026-06-27 01:28:49.184000+00:00,2026-06-29 17:01:18.522000+00:00,T03,Low,Email,Billing Query,Resolved,9.48,73.02,3.0
TK00200,2026-07-07 08:31:00+00:00,,2026-07-11 03:49:51.097000+00:00,T02,Low,Email,Technical Issue,Resolved,0.2,91.31,4.0
TK00201,2026-06-25 13:36:00+00:00,2026-06-25 15:18:17.967000+00:00,2026-06-26 11:11:58.354000+00:00,T01,High,Web,Technical Issue,Resolved,1.7,21.6,5.0
TK00202,2026-06-14 14:49:00+00:00,2026-06-14 16:05:04.871000+00:00,,T02,Low,Chat,Technical Issue,Open,1.27,,
TK00203,2026-05-23 09:10:00+00:00,2026-05-23 11:48:15.892000+00:00,2026-05-25 09:06:12.632000+00:00,T02,Medium,Chat,Technical Issue,Resolved,2.64,47.94,4.0
TK00204,2026-07-21 10:27:00+00:00,2026-07-21 13:56:30.658000+00:00,,T01,Low,Web,Delivery Question,Open,3.49,,
TK00205,2026-07-25 17:45:00+00:00,2026-07-26 00:50:50.499000+00:00,2026-07-27 13:29:14.736000+00:00,T03,Medium,Email,Billing Query,Resolved,7.1,43.74,3.0
TK00206,2026-06-04 18:05:00+00:00,2026-06-04 19:56:56.823000+00:00,2026-06-06 11:15:21.416000+00:00,T02,High,Chat,Technical Issue,Resolved,1.87,41.17,5.0
TK00207,2026-06-10 09:39:00+00:00,2026-06-10 11:38:15.077000+00:00,2026-06-10 18:05:27.122000+00:00,T01,High,Chat,Delivery Question,Resolved,1.99,8.44,5.0
TK00208,2026-06-01 15:30:00+00:00,2026-06-01 18:17:19.513000+00:00,2026-06-03 16:13:36.968000+00:00,T03,High,Chat,Billing Query,Resolved,2.79,48.73,3.0
TK00209,2026-05-22 09:25:00+00:00,2026-05-22 12:10:45.389000+00:00,2026-05-22 20:35:37.029000+00:00,T03,High,Web,Delivery Question,Resolved,2.76,11.18,4.0
TK00210,2026-05-13 13:43:00+00:00,2026-05-13 18:17:52.039000+00:00,2026-05-15 05:18:00.348000+00:00,T02,Low,Web,Account Access,Resolved,4.58,39.58,2.0
TK00211,2026-05-05 09:56:00+00:00,2026-05-05 12:20:21.398000+00:00,,T01,Medium,Chat,Account Access,Pending,2.41,,
TK00212,2026-06-12 13:59:00+00:00,2026-06-12 21:26:16.768000+00:00,2026-06-14 01:48:01.908000+00:00,T04,Medium,Email,Cancellation,Resolved,7.45,35.82,4.0
TK00213,2026-07-21 12:03:00+00:00,2026-07-21 17:04:09.151000+00:00,2026-07-23 05:19:57.721000+00:00,T04,High,Web,Delivery Question,Resolved,5.02,41.28,5.0
TK00214,2026-07-17 14:06:00+00:00,2026-07-17 18:40:50.991000+00:00,,T03,High,Email,Billing Query,Open,4.58,,
TK00215,2026-06-23 11:18:00+00:00,2026-06-23 16:47:32.618000+00:00,2026-06-24 23:36:28.810000+00:00,T01,Low,Web,Delivery Question,Resolved,5.49,36.31,2.0
TK00216,2026-06-29 16:38:00+00:00,2026-06-29 19:26:28.605000+00:00,2026-06-30 12:18:31.419000+00:00,T01,Medium,Email,Account Access,Resolved,2.81,19.68,4.0
TK00217,2026-07-01 12:11:00+00:00,2026-07-01 16:25:41.488000+00:00,2026-07-03 15:45:08.975000+00:00,T03,Medium,Web,Billing Query,Resolved,4.24,51.57,3.0
TK00218,2026-05-09 12:48:00+00:00,2026-05-09 18:18:07.551000+00:00,2026-05-11 07:19:31.106000+00:00,T04,Low,Chat,Delivery Question,Resolved,5.5,42.53,4.0
TK00219,2026-06-28 14:46:00+00:00,2026-06-28 22:54:54.950000+00:00,,T04,Low,Web,Cancellation,Pending,8.15,,
TK00220,2026-05-15 08:20:00+00:00,2026-05-15 11:33:04.881000+00:00,2026-05-16 00:43:42.712000+00:00,T03,Urgent,Email,Billing Query,Resolved,3.22,16.4,5.0
TK00221,2026-06-24 15:04:00+00:00,2026-06-24 16:50:54.093000+00:00,2026-06-25 04:55:53.258000+00:00,T01,High,Email,Account Access,Resolved,1.78,13.86,5.0
TK00222,2026-05-16 09:13:00+00:00,2026-05-16 15:14:07.246000+00:00,2026-05-16 20:59:20.418000+00:00,T01,Low,Web,Account Access,Resolved,6.02,11.77,3.0
TK00223,2026-07-23 12:15:00+00:00,2026-07-23 16:10:01.160000+00:00,2026-07-24 23:03:08.022000+00:00,T03,Medium,Chat,Cancellation,Resolved,3.92,34.8,4.0
TK00224,2026-05-15 12:26:00+00:00,2026-05-15 15:37:01.658000+00:00,2026-05-16 08:37:32.881000+00:00,T01,Low,Phone,Account Access,Resolved,3.18,20.19,5.0
TK00225,2026-07-07 13:02:00+00:00,2026-07-07 23:57:29.335000+00:00,,T04,Medium,Email,Cancellation,Open,10.92,,
TK00226,2026-06-24 12:21:00+00:00,2026-06-24 15:59:34.875000+00:00,2026-06-27 10:00:13.843000+00:00,T03,Medium,Chat,Billing Query,Resolved,3.64,69.65,4.0
TK00227,2026-06-30 18:05:00+00:00,2026-06-30 20:12:58.245000+00:00,2026-07-02 08:40:12.142000+00:00,T02,High,Chat,Technical Issue,Resolved,2.13,38.59,4.0
TK00228,2026-07-17 16:48:00+00:00,2026-07-17 20:31:19.794000+00:00,2026-07-19 01:25:03.426000+00:00,T04,High,Chat,Cancellation,Resolved,3.72,32.62,4.0
TK00229,2026-07-13 16:31:00+00:00,2026-07-13 20:05:50.163000+00:00,2026-07-15 12:51:54.622000+00:00,T03,Medium,Chat,Billing Query,Resolved,3.58,44.35,4.0
TK00230,2026-07-24 14:51:00+00:00,2026-07-24 18:36:36.257000+00:00,2026-07-27 19:06:48.035000+00:00,T02,Low,Web,Technical Issue,Resolved,3.76,76.26,4.0
TK00231,2026-06-23 15:27:00+00:00,2026-06-23 19:48:10.700000+00:00,2026-06-24 08:08:52.608000+00:00,T01,Low,Chat,Cancellation,Resolved,4.35,16.7,4.0
TK00232,2026-07-22 13:55:00+00:00,2026-07-22 18:55:42.129000+00:00,2026-07-23 19:18:01.437000+00:00,T03,Medium,Chat,Cancellation,Resolved,5.01,29.38,3.0
TK00233,2026-06-18 13:50:00+00:00,2026-06-19 01:01:08.390000+00:00,2026-06-22 09:05:10.639000+00:00,T04,Low,Chat,Technical Issue,Resolved,11.19,91.25,2.0
TK00234,2026-07-11 11:09:00+00:00,2026-07-11 14:02:01.942000+00:00,,T01,Medium,Chat,Account Access,Open,2.88,,
TK00235,2026-07-17 17:49:00+00:00,2026-07-18 01:46:11.886000+00:00,2026-07-20 03:19:20.385000+00:00,T04,Medium,Chat,Billing Query,Resolved,7.95,57.51,3.0
TK00236,2026-07-06 09:29:00+00:00,2026-07-06 15:12:16.781000+00:00,2026-07-07 23:01:12.670000+00:00,T04,High,Email,Billing Query,Resolved,5.72,37.54,5.0
TK00237,2026-05-22 17:53:00+00:00,2026-05-22 22:57:28.144000+00:00,2026-05-23 12:55:36.351000+00:00,T03,Medium,Chat,Delivery Question,Resolved,5.07,19.04,3.0
TK00238,2026-05-24 09:25:00+00:00,2026-05-24 12:19:11.477000+00:00,2026-05-25 12:59:18.920000+00:00,T01,Low,Email,Technical Issue,Resolved,2.9,27.57,4.0
TK00239,2026-06-22 11:07:00+00:00,2026-06-22 14:25:10.836000+00:00,2026-06-23 19:37:22.148000+00:00,T04,Medium,Email,Account Access,Resolved,3.3,32.51,4.0
TK00240,2026-06-08 11:19:00+00:00,2026-06-08 18:54:26.589000+00:00,2026-06-09 03:50:04.854000+00:00,T01,Low,Email,Delivery Question,Resolved,7.59,16.52,4.0
TK00241,2026-05-16 09:18:00+00:00,2026-05-16 13:49:37.784000+00:00,,T03,Medium,Chat,Billing Query,Pending,4.53,,
TK00242,2026-05-19 12:49:00+00:00,2026-05-19 19:35:32.513000+00:00,2026-05-20 19:16:07.126000+00:00,T03,Low,Email,Billing Query,Resolved,6.78,30.45,2.0
TK00243,2026-07-01 16:12:00+00:00,2026-07-01 20:41:47.439000+00:00,2026-07-03 01:11:58.341000+00:00,T01,Low,Chat,Technical Issue,Resolved,4.5,33.0,3.0
TK00244,2026-07-05 12:32:00+00:00,2026-07-05 14:38:30.045000+00:00,,T04,Urgent,Chat,Cancellation,Pending,2.11,,
TK00245,2026-05-27 12:41:00+00:00,2026-05-27 15:01:36.806000+00:00,2026-05-28 03:15:43.767000+00:00,T01,Medium,Chat,Account Access,Resolved,2.34,14.58,5.0
TK00246,2026-06-15 08:58:00+00:00,2026-06-15 12:57:32.903000+00:00,2026-06-18 06:52:18.518000+00:00,T02,Medium,Web,Technical Issue,Resolved,3.99,69.91,3.0
TK00247,2026-06-05 09:23:00+00:00,2026-06-05 14:02:23.998000+00:00,2026-06-07 03:06:27.371000+00:00,T03,Medium,Chat,Cancellation,Resolved,4.66,41.72,1.0
TK00248,2026-06-25 18:52:00+00:00,2026-06-25 22:44:58.529000+00:00,2026-06-26 12:24:57.220000+00:00,T01,Medium,Email,Account Access,Resolved,3.88,17.55,3.0
TK00249,2026-05-14 13:28:00+00:00,2026-05-14 17:45:15.273000+00:00,2026-05-16 18:37:58.241000+00:00,T04,Medium,Chat,Cancellation,Resolved,4.29,53.17,3.0
TK00250,2026-05-20 17:36:00+00:00,2026-05-20 22:28:28.341000+00:00,,T04,Medium,Chat,Cancellation,Open,4.87,,
TK00251,2026-06-06 17:10:00+00:00,2026-06-06 21:54:14.798000+00:00,2026-06-07 12:35:17.319000+00:00,T01,Medium,Email,Account Access,Resolved,4.74,19.42,4.0
TK00252,2026-06-15 15:01:00+00:00,2026-06-15 19:06:39.647000+00:00,2026-06-16 16:25:39.183000+00:00,T03,High,Email,Billing Query,Resolved,4.09,25.41,4.0
TK00253,2026-07-07 15:43:00+00:00,2026-07-07 18:32:20.139000+00:00,2026-07-09 01:30:12.020000+00:00,T03,High,Chat,Billing Query,Resolved,2.82,33.79,3.0
TK00254,2026-06-25 13:04:00+00:00,2026-06-25 18:44:58.605000+00:00,2026-06-27 20:06:05.786000+00:00,T02,Low,Email,Technical Issue,Resolved,5.68,55.03,2.0
TK00255,2026-06-06 14:47:00+00:00,2026-06-06 17:18:47.683000+00:00,,T02,Low,Phone,Technical Issue,Open,2.53,,
TK00256,2026-07-08 08:54:00+00:00,2026-07-08 13:36:21.385000+00:00,2026-07-10 07:50:13.287000+00:00,T04,High,Web,Cancellation,Resolved,4.71,46.94,5.0
TK00257,2026-07-02 09:26:00+00:00,2026-07-02 11:49:58.725000+00:00,2026-07-03 02:52:23.720000+00:00,T02,Urgent,Web,Technical Issue,Resolved,2.4,17.44,5.0
TK00258,2026-05-12 18:45:00+00:00,2026-05-12 21:07:54.807000+00:00,2026-05-14 07:12:43.586000+00:00,T01,Low,Chat,Technical Issue,Resolved,2.38,36.46,3.0
TK00259,2026-06-24 10:44:00+00:00,2026-06-24 15:31:36.268000+00:00,,T03,Medium,Chat,Billing Query,Open,4.79,,
TK00260,2026-06-06 12:12:00+00:00,2026-06-06 14:12:45.665000+00:00,,T03,Medium,Phone,Billing Query,Open,2.01,,
TK00261,2026-06-30 09:34:00+00:00,2026-06-30 16:08:04.440000+00:00,,T01,Medium,Email,Technical Issue,Open,6.57,,
TK00262,2026-06-02 16:06:00+00:00,2026-06-02 21:03:52.451000+00:00,2026-06-03 21:01:52.066000+00:00,T04,Medium,Chat,Delivery Question,Resolved,4.96,28.93,5.0
TK00263,2026-07-13 14:23:00+00:00,2026-07-13 16:34:18.958000+00:00,2026-07-15 19:19:34.791000+00:00,T02,High,Chat,Technical Issue,Resolved,2.19,52.94,4.0
TK00264,2026-07-25 09:14:00+00:00,2026-07-25 11:12:35.419000+00:00,,T02,High,Email,Technical Issue,Pending,1.98,,
TK00265,2026-06-05 11:10:00+00:00,2026-06-05 15:31:17.927000+00:00,2026-06-06 02:06:31.204000+00:00,T04,High,Email,Cancellation,Resolved,4.35,14.94,4.0
TK00266,2026-06-13 14:23:00+00:00,2026-06-13 18:03:03.166000+00:00,2026-06-14 13:22:40.616000+00:00,T01,Medium,Chat,Delivery Question,Resolved,3.67,22.99,5.0
TK00267,2026-07-21 13:39:00+00:00,2026-07-21 17:14:10.927000+00:00,2026-07-25 01:03:46.233000+00:00,T04,Medium,Web,Cancellation,Resolved,3.59,83.41,3.0
TK00268,2026-07-26 09:50:00+00:00,2026-07-26 13:50:08.348000+00:00,2026-07-27 10:20:34.074000+00:00,T03,Urgent,Web,Billing Query,Resolved,4.0,24.51,5.0
TK00269,2026-05-04 12:32:00+00:00,2026-05-04 15:56:28.516000+00:00,2026-05-05 07:57:00.097000+00:00,T01,Medium,Chat,Delivery Question,Resolved,3.41,19.42,5.0
TK00270,2026-05-06 16:32:00+00:00,2026-05-06 21:14:53.967000+00:00,2026-05-08 21:21:23.533000+00:00,T04,Medium,Phone,Cancellation,Resolved,4.71,52.82,2.0
TK00271,2026-05-30 11:42:00+00:00,2026-05-30 14:04:57.406000+00:00,2026-05-30 20:20:43.506000+00:00,T01,Low,Chat,Account Access,Resolved,2.38,8.65,4.0
TK00272,2026-07-18 15:03:00+00:00,2026-07-18 19:24:36.125000+00:00,2026-07-19 10:35:52.395000+00:00,T01,Low,Email,Account Access,Resolved,4.36,19.55,5.0
TK00273,2026-07-10 17:53:00+00:00,2026-07-10 22:04:53.211000+00:00,,T02,Medium,Web,Technical Issue,Open,4.2,,
TK00274,2026-06-18 15:24:00+00:00,2026-06-18 17:16:37.298000+00:00,2026-06-19 05:42:47.183000+00:00,T01,Medium,Chat,Account Access,Resolved,1.88,14.31,4.0
TK00275,2026-07-26 17:19:00+00:00,2026-07-26 20:01:52.811000+00:00,2026-07-29 03:19:53.064000+00:00,T03,Low,Phone,Billing Query,Resolved,2.71,58.01,3.0
TK00276,2026-07-25 11:04:00+00:00,2026-07-25 14:04:16.829000+00:00,2026-07-26 02:36:06.085000+00:00,T01,Low,Chat,Account Access,Resolved,3.0,15.54,5.0
TK00277,2026-07-20 17:19:00+00:00,2026-07-20 23:02:46.417000+00:00,,T03,Medium,Web,Cancellation,Open,5.73,,
TK00278,2026-07-05 10:32:00+00:00,2026-07-05 13:45:50.340000+00:00,2026-07-05 14:49:18.790000+00:00,T02,Medium,Web,Technical Issue,Resolved,3.23,4.29,4.0
TK00279,2026-07-17 11:26:00+00:00,2026-07-17 17:07:19.679000+00:00,2026-07-18 20:03:02.220000+00:00,T02,Low,Email,Account Access,Resolved,5.69,32.62,4.0
TK00280,2026-07-04 18:48:00+00:00,2026-07-05 00:09:40.523000+00:00,2026-07-07 01:01:05.653000+00:00,T04,Low,Chat,Technical Issue,Resolved,5.36,54.22,4.0
TK00281,2026-07-22 12:55:00+00:00,2026-07-22 14:13:31.368000+00:00,2026-07-25 09:31:23.712000+00:00,T02,Low,Chat,Technical Issue,Resolved,1.31,68.61,3.0
TK00282,2026-06-06 08:01:00+00:00,2026-06-06 16:10:53.901000+00:00,2026-06-07 19:35:51.755000+00:00,T04,Low,Email,Delivery Question,Resolved,8.16,35.58,4.0
TK00283,2026-07-09 10:28:00+00:00,2026-07-09 13:58:49.977000+00:00,2026-07-09 21:30:39.389000+00:00,T04,Urgent,Web,Account Access,Resolved,3.51,11.04,5.0
TK00284,2026-06-03 17:25:00+00:00,2026-06-03 21:22:46.606000+00:00,2026-06-04 11:43:33.604000+00:00,T01,Medium,Chat,Technical Issue,Resolved,3.96,18.31,4.0
TK00285,2026-06-15 09:13:00+00:00,2026-06-15 12:21:16.982000+00:00,2026-06-17 18:51:34.833000+00:00,T02,High,Web,Technical Issue,Resolved,3.14,57.64,3.0
TK00286,2026-06-17 12:01:00+00:00,2026-06-17 14:01:01.631000+00:00,2026-06-18 02:19:28.749000+00:00,T01,Low,Phone,Account Access,Resolved,2.0,14.31,5.0
TK00287,2026-07-13 09:20:00+00:00,2026-07-13 11:47:19.261000+00:00,2026-07-13 16:33:20.181000+00:00,T01,Urgent,Email,Account Access,Resolved,2.46,7.22,5.0
TK00288,2026-06-02 12:41:00+00:00,2026-06-02 16:42:11.376000+00:00,2026-06-04 04:27:47.679000+00:00,T04,High,Web,Delivery Question,Resolved,4.02,39.78,4.0
TK00289,2026-06-28 13:24:00+00:00,2026-06-28 21:44:17.344000+00:00,2026-07-01 05:19:30.696000+00:00,T04,Low,Email,Delivery Question,Resolved,8.34,63.93,3.0
TK00290,2026-05-24 08:48:00+00:00,2026-05-24 09:38:02.168000+00:00,2026-05-24 18:31:21.689000+00:00,T01,Urgent,Phone,Delivery Question,Resolved,0.83,9.72,5.0
TK00291,2026-05-11 16:39:00+00:00,2026-05-11 19:41:07.458000+00:00,2026-05-12 23:01:46.563000+00:00,T03,High,Chat,Billing Query,Resolved,3.04,30.38,4.0
TK00292,2026-06-08 11:47:00+00:00,2026-06-08 14:52:30.187000+00:00,2026-06-09 20:10:14.430000+00:00,T04,High,Chat,Delivery Question,Resolved,3.09,32.39,5.0
TK00293,2026-07-19 13:32:00+00:00,2026-07-19 15:45:51.649000+00:00,2026-07-20 11:34:47.629000+00:00,T02,Medium,Email,Account Access,Resolved,2.23,22.05,5.0
TK00294,2026-05-15 08:10:00+00:00,2026-05-15 10:23:20.165000+00:00,2026-05-17 19:14:52.154000+00:00,T02,Low,Chat,Technical Issue,Resolved,2.22,59.08,4.0
TK00295,2026-05-19 08:29:00+00:00,2026-05-19 11:57:24.414000+00:00,2026-05-21 06:21:31.953000+00:00,T02,Medium,Chat,Technical Issue,Resolved,3.47,45.88,3.0
TK00296,2026-05-29 08:21:00+00:00,2026-05-29 14:17:18.539000+00:00,,T03,Low,Chat,Billing Query,Open,5.94,,
TK00297,2026-06-21 17:14:00+00:00,2026-06-21 22:35:50.762000+00:00,2026-06-23 22:52:11.421000+00:00,T03,Low,Phone,Billing Query,Resolved,5.36,53.64,3.0
TK00298,2026-05-15 09:45:00+00:00,2026-05-15 19:22:19.964000+00:00,2026-05-17 08:46:10.300000+00:00,T04,Low,Email,Delivery Question,Resolved,9.62,47.02,4.0
TK00299,2026-06-10 12:28:00+00:00,2026-06-10 15:41:21.208000+00:00,2026-06-12 10:04:31.586000+00:00,T03,Medium,Email,Billing Query,Resolved,3.22,45.61,4.0
TK00300,2026-06-05 09:50:00+00:00,2026-06-05 15:07:16.138000+00:00,2026-06-07 02:00:35.442000+00:00,T03,Medium,Chat,Delivery Question,Resolved,5.29,40.18,3.0
TK00301,2026-06-26 15:36:00+00:00,2026-06-26 19:09:50.735000+00:00,2026-06-30 04:05:57.956000+00:00,T03,Medium,Chat,Billing Query,Resolved,3.56,84.5,5.0
TK00302,2026-07-24 09:54:00+00:00,2026-07-24 13:01:52.085000+00:00,,T03,Medium,Web,Cancellation,Pending,3.13,,
TK00303,2026-07-12 14:37:00+00:00,2026-07-12 16:57:30.719000+00:00,2026-07-13 07:07:02.183000+00:00,T02,Medium,Phone,Technical Issue,Resolved,2.34,16.5,5.0
TK00304,2026-06-04 15:10:00+00:00,2026-06-04 22:20:01.761000+00:00,2026-06-10 01:58:10.963000+00:00,T04,Low,Email,Technical Issue,Resolved,7.17,130.8,3.0
TK00305,2026-07-25 16:24:00+00:00,2026-07-25 23:50:50.306000+00:00,2026-07-26 20:08:20.985000+00:00,T04,Medium,Web,Delivery Question,Resolved,7.45,27.74,3.0
TK00306,2026-06-15 08:13:00+00:00,2026-06-15 11:59:38.877000+00:00,2026-06-17 19:39:01.635000+00:00,T04,Medium,Chat,Delivery Question,Resolved,3.78,59.43,4.0
TK00307,2026-06-22 16:03:00+00:00,2026-06-22 20:17:31.057000+00:00,,T03,Low,Email,Billing Query,Pending,4.24,,
TK00308,2026-06-21 10:20:00+00:00,2026-06-21 18:01:21.521000+00:00,,T03,Medium,Email,Cancellation,Pending,7.69,,
TK00309,2026-06-28 16:47:00+00:00,2026-06-28 22:42:01.783000+00:00,2026-07-02 15:00:02.786000+00:00,T03,Medium,Email,Billing Query,Resolved,5.92,94.22,3.0
TK00310,2026-05-11 13:57:00+00:00,2026-05-11 15:15:52.873000+00:00,2026-05-13 18:46:59.913000+00:00,T02,Medium,Phone,Technical Issue,Resolved,1.31,52.83,3.0
TK00311,2026-05-19 10:14:00+00:00,2026-05-19 12:31:21.091000+00:00,2026-05-21 09:15:15.159000+00:00,T02,Medium,Chat,Technical Issue,Resolved,2.29,47.02,3.0
TK00312,2026-07-11 10:36:00+00:00,2026-07-11 14:33:37.235000+00:00,,T01,Medium,Web,Account Access,Open,3.96,,
TK00313,2026-07-10 14:14:00+00:00,2026-07-10 17:46:03.147000+00:00,2026-07-10 21:25:47.608000+00:00,T01,High,Web,Account Access,Resolved,3.53,7.2,5.0
TK00314,2026-07-22 18:02:00+00:00,2026-07-23 00:45:39.456000+00:00,2026-07-24 11:46:56.668000+00:00,T04,High,Email,Technical Issue,Resolved,6.73,41.75,4.0
TK00315,2026-05-22 10:35:00+00:00,2026-05-22 11:46:52.092000+00:00,,T01,Medium,Chat,Billing Query,Open,1.2,,
TK00316,2026-07-16 08:49:00+00:00,2026-07-16 12:22:18.790000+00:00,,T01,High,Web,Delivery Question,Open,3.56,,
TK00317,2026-06-25 16:48:00+00:00,2026-06-25 21:29:36.174000+00:00,2026-06-27 10:33:27.450000+00:00,T03,Medium,Email,Delivery Question,Resolved,4.69,41.76,4.0
TK00318,2026-05-14 10:42:00+00:00,2026-05-14 12:08:28.195000+00:00,2026-05-15 09:39:47.887000+00:00,T04,High,Chat,Delivery Question,Resolved,1.44,22.96,5.0
TK00319,2026-05-05 14:44:00+00:00,2026-05-05 16:21:44.259000+00:00,2026-05-06 05:55:19.343000+00:00,T01,Urgent,Chat,Technical Issue,Resolved,1.63,15.19,5.0
TK00320,2026-06-10 18:31:00+00:00,2026-06-10 22:48:45.301000+00:00,2026-06-11 21:05:40.730000+00:00,T02,Low,Web,Technical Issue,Resolved,4.3,26.58,3.0
TK00321,2026-07-21 14:01:00+00:00,2026-07-21 21:24:14.290000+00:00,2026-07-23 14:17:14.114000+00:00,T04,Low,Email,Delivery Question,Resolved,7.39,48.27,4.0
TK00322,2026-07-18 15:16:00+00:00,2026-07-18 21:32:48.526000+00:00,2026-07-19 16:10:36.865000+00:00,T01,Medium,Email,Billing Query,Resolved,6.28,24.91,3.0
TK00323,2026-05-11 13:15:00+00:00,2026-05-11 18:02:25.033000+00:00,,T01,Medium,Email,Technical Issue,Open,4.79,,
TK00324,2026-07-12 08:31:00+00:00,2026-07-12 11:56:37.682000+00:00,,T03,Medium,Chat,Billing Query,Pending,3.43,,
TK00325,2026-07-08 11:01:00+00:00,2026-07-08 12:46:06.280000+00:00,,T01,Urgent,Phone,Account Access,Pending,1.75,,
TK00326,2026-06-05 11:35:00+00:00,2026-06-05 16:33:33.637000+00:00,2026-06-08 03:41:24.795000+00:00,T03,Medium,Chat,Billing Query,Resolved,4.98,64.11,3.0
TK00327,2026-05-16 18:11:00+00:00,2026-05-16 22:30:29.525000+00:00,2026-05-18 13:18:15.359000+00:00,T03,High,Web,Billing Query,Resolved,4.32,43.12,2.0
TK00328,2026-06-17 09:24:00+00:00,2026-06-17 12:11:44.518000+00:00,2026-06-18 07:01:40.418000+00:00,T01,Medium,Email,Account Access,Resolved,2.8,21.63,4.0
TK00329,2026-07-09 09:25:00+00:00,2026-07-09 13:19:05.148000+00:00,,T01,Low,Email,Billing Query,Pending,3.9,,
TK00330,2026-07-10 13:34:00+00:00,2026-07-10 16:31:24.839000+00:00,,T02,Low,Email,Account Access,Pending,2.96,,
TK00331,2026-05-04 12:46:00+00:00,2026-05-04 18:59:12.616000+00:00,2026-05-05 01:12:08.681000+00:00,T01,Medium,Email,Account Access,Resolved,6.22,12.44,5.0
TK00332,2026-06-17 15:39:00+00:00,2026-06-17 19:55:39.829000+00:00,2026-06-21 05:57:56.536000+00:00,T02,Low,Web,Technical Issue,Resolved,4.28,86.32,2.0
TK00333,2026-07-06 08:31:00+00:00,2026-07-06 15:04:22.796000+00:00,2026-07-07 01:15:01.512000+00:00,T01,Low,Web,Technical Issue,Resolved,6.56,16.73,4.0
TK00334,2026-06-16 16:11:00+00:00,2026-06-16 20:27:52.995000+00:00,2026-06-18 04:41:20.398000+00:00,T03,High,Email,Billing Query,Resolved,4.28,36.51,4.0
TK00335,2026-07-11 12:04:00+00:00,2026-07-11 15:57:11.993000+00:00,2026-07-12 23:00:44.094000+00:00,T02,High,Web,Technical Issue,Resolved,3.89,34.95,4.0
TK00336,2026-05-14 17:26:00+00:00,2026-05-14 20:46:42.148000+00:00,2026-05-16 02:42:54.517000+00:00,T02,Medium,Web,Technical Issue,Resolved,3.35,33.28,4.0
TK00337,2026-05-29 18:57:00+00:00,2026-05-29 22:46:53.428000+00:00,2026-05-31 02:48:27.825000+00:00,T01,Low,Email,Delivery Question,Resolved,3.83,31.86,4.0
TK00338,2026-07-18 09:47:00+00:00,2026-07-18 16:32:09.302000+00:00,,T03,Medium,Email,Billing Query,Pending,6.75,,
TK00339,2026-07-11 15:23:00+00:00,2026-07-11 17:01:00.729000+00:00,2026-07-12 14:37:27.842000+00:00,T01,Medium,Chat,Delivery Question,Resolved,1.63,23.24,5.0
TK00340,2026-05-29 10:32:00+00:00,2026-05-29 13:22:54.722000+00:00,2026-06-02 02:31:02.576000+00:00,T02,Low,Email,Technical Issue,Resolved,2.85,87.98,4.0
TK00341,2026-06-18 10:02:00+00:00,2026-06-18 18:27:55.833000+00:00,2026-06-19 20:33:38.903000+00:00,T04,High,Web,Delivery Question,Resolved,8.43,34.53,4.0
TK00342,2026-06-05 11:45:00+00:00,2026-06-05 15:05:49.772000+00:00,2026-06-09 03:43:13.451000+00:00,T02,Low,Chat,Technical Issue,Resolved,3.35,87.97,2.0
TK00343,2026-06-05 14:54:00+00:00,2026-06-05 19:04:51.689000+00:00,2026-06-06 18:13:56.151000+00:00,T04,Low,Email,Delivery Question,Resolved,4.18,27.33,5.0
TK00344,2026-05-07 10:24:00+00:00,2026-05-07 15:59:03.804000+00:00,2026-05-08 18:14:05.259000+00:00,T03,Medium,Web,Cancellation,Resolved,5.58,31.83,2.0
TK00345,2026-06-02 18:26:00+00:00,2026-06-02 20:03:04.708000+00:00,2026-06-03 20:38:32.191000+00:00,T02,Medium,Phone,Technical Issue,Resolved,1.62,26.21,5.0
TK00346,2026-05-04 16:44:00+00:00,2026-05-04 22:33:05.973000+00:00,2026-05-07 00:27:45.218000+00:00,T03,Low,Email,Billing Query,Resolved,5.82,55.73,2.0
TK00347,2026-05-20 11:55:00+00:00,2026-05-20 16:53:04.374000+00:00,2026-05-22 13:22:40.150000+00:00,T04,High,Web,Billing Query,Resolved,4.97,49.46,4.0
TK00348,2026-06-30 11:48:00+00:00,2026-06-30 18:04:36.939000+00:00,2026-07-02 01:38:49.780000+00:00,T04,Medium,Chat,Account Access,Resolved,6.28,37.85,4.0
TK00349,2026-07-20 17:31:00+00:00,2026-07-20 21:38:50.893000+00:00,,T04,Medium,Chat,Delivery Question,Open,4.13,,
TK00350,2026-05-31 08:55:00+00:00,2026-05-31 13:14:36.637000+00:00,,T03,Low,Phone,Billing Query,Pending,4.33,,
TK00351,2026-05-18 17:57:00+00:00,2026-05-19 01:02:19.103000+00:00,2026-05-21 11:04:56.770000+00:00,T03,Low,Email,Billing Query,Resolved,7.09,65.13,2.0
TK00352,2026-05-20 15:27:00+00:00,2026-05-20 18:51:33.632000+00:00,2026-05-22 05:53:34.124000+00:00,T04,Medium,Phone,Delivery Question,Resolved,3.41,38.44,3.0
TK00353,2026-07-26 15:59:00+00:00,2026-07-26 19:03:57.108000+00:00,2026-07-27 08:41:04.087000+00:00,T01,Medium,Phone,Delivery Question,Resolved,3.08,16.7,5.0
TK00354,2026-07-05 09:11:00+00:00,2026-07-05 12:49:16.575000+00:00,2026-07-08 15:01:05.515000+00:00,T03,Medium,Phone,Billing Query,Resolved,3.64,77.83,4.0
TK00355,2026-06-16 09:54:00+00:00,2026-06-16 16:58:05.033000+00:00,2026-06-18 20:37:02.226000+00:00,T03,Low,Phone,Billing Query,Resolved,7.07,58.72,2.0
TK00356,2026-07-08 12:36:00+00:00,2026-07-08 17:51:44.956000+00:00,2026-07-11 08:12:27.024000+00:00,T03,Low,Chat,Billing Query,Resolved,5.26,67.61,3.0
TK00357,2026-07-10 10:47:00+00:00,2026-07-10 15:12:35.786000+00:00,2026-07-12 05:09:13.398000+00:00,T02,Medium,Email,Technical Issue,Resolved,4.43,42.37,4.0
TK00358,2026-05-27 16:33:00+00:00,2026-05-27 21:55:42.108000+00:00,2026-05-29 21:45:02.983000+00:00,T03,Medium,Web,Billing Query,Resolved,5.38,53.2,2.0
TK00359,2026-07-05 15:59:00+00:00,2026-07-05 23:53:05.615000+00:00,2026-07-07 01:46:00.558000+00:00,T04,Medium,Chat,Cancellation,Resolved,7.9,33.78,4.0
TK00360,2026-07-19 17:29:00+00:00,2026-07-20 03:36:14.973000+00:00,2026-07-21 19:02:11.900000+00:00,T04,Low,Email,Delivery Question,Resolved,10.12,49.55,3.0
TK00361,2026-05-20 17:08:00+00:00,2026-05-20 22:43:02.617000+00:00,2026-05-21 22:49:23.042000+00:00,T03,High,Email,Billing Query,Resolved,5.58,29.69,4.0
TK00362,2026-05-30 18:22:00+00:00,2026-05-30 21:55:53.503000+00:00,2026-05-31 20:15:38.099000+00:00,T03,High,Email,Billing Query,Resolved,3.56,25.89,5.0
TK00363,2026-06-23 09:02:00+00:00,2026-06-23 18:55:18.872000+00:00,,T04,Medium,Web,Technical Issue,Open,9.89,,
TK00364,2026-05-17 10:24:00+00:00,2026-05-17 13:29:32.509000+00:00,2026-05-18 05:37:00.525000+00:00,T02,High,Email,Technical Issue,Resolved,3.09,19.22,4.0
TK00365,2026-06-21 11:26:00+00:00,2026-06-21 18:20:57.828000+00:00,,T04,Medium,Chat,Account Access,Open,6.92,,
TK00366,2026-05-20 08:57:00+00:00,2026-05-20 14:48:26.711000+00:00,2026-05-21 19:58:10.272000+00:00,T01,Low,Email,Delivery Question,Resolved,5.86,35.02,3.0
TK00367,2026-06-18 09:25:00+00:00,2026-06-18 10:48:34.701000+00:00,2026-06-18 23:50:28.811000+00:00,T02,Urgent,Chat,Technical Issue,Resolved,1.39,14.42,4.0
TK00368,2026-06-04 16:49:00+00:00,2026-06-04 20:03:35.874000+00:00,2026-06-05 21:09:31.672000+00:00,T04,High,Phone,Delivery Question,Resolved,3.24,28.34,5.0
TK00369,2026-05-17 17:22:00+00:00,2026-05-17 20:20:00.419000+00:00,2026-05-19 17:09:14.080000+00:00,T03,Medium,Email,Billing Query,Resolved,2.97,47.79,5.0
TK00370,2026-07-20 18:20:00+00:00,2026-07-20 21:14:06.353000+00:00,2026-07-22 03:46:41.159000+00:00,T01,Low,Chat,Cancellation,Resolved,2.9,33.44,3.0
TK00371,2026-05-19 10:13:00+00:00,2026-05-19 15:07:11.239000+00:00,2026-05-21 12:49:19.602000+00:00,T03,Medium,Email,Billing Query,Resolved,4.9,50.61,2.0
TK00372,2026-07-06 17:45:00+00:00,2026-07-06 20:06:46.105000+00:00,2026-07-07 22:12:15.494000+00:00,T01,Medium,Chat,Cancellation,Resolved,2.36,28.45,3.0
TK00373,2026-05-07 15:46:00+00:00,2026-05-07 18:17:47.614000+00:00,2026-05-09 06:07:09.597000+00:00,T01,Medium,Web,Billing Query,Resolved,2.53,38.35,4.0
TK00374,2026-05-25 10:29:00+00:00,2026-05-25 14:52:05.795000+00:00,2026-05-27 18:42:42.395000+00:00,T03,Medium,Web,Billing Query,Resolved,4.38,56.23,2.0
TK00375,2026-06-25 15:48:00+00:00,2026-06-25 17:33:57.864000+00:00,2026-06-29 20:22:33.605000+00:00,T02,Medium,Email,Technical Issue,Resolved,1.77,100.58,3.0
TK00376,2026-06-02 11:15:00+00:00,2026-06-02 13:56:07.480000+00:00,,T01,Medium,Web,Delivery Question,Open,2.69,,
TK00377,2026-05-12 14:59:00+00:00,2026-05-12 19:23:02.358000+00:00,2026-05-13 19:47:51.067000+00:00,T02,Medium,Web,Account Access,Resolved,4.4,28.81,4.0
TK00378,2026-05-11 18:18:00+00:00,2026-05-11 23:36:37.077000+00:00,,T03,Medium,Web,Billing Query,Pending,5.31,,
TK00379,2026-07-11 12:01:00+00:00,2026-07-11 13:40:16.968000+00:00,2026-07-12 12:15:47.908000+00:00,T02,High,Chat,Account Access,Resolved,1.65,24.25,5.0
TK00380,2026-05-25 10:07:00+00:00,2026-05-25 15:16:40.628000+00:00,2026-05-29 13:29:01.280000+00:00,T04,Low,Email,Billing Query,Resolved,5.16,99.37,4.0
TK00381,2026-05-26 16:12:00+00:00,2026-05-26 19:55:04.717000+00:00,2026-05-27 17:40:47.915000+00:00,T01,Medium,Email,Technical Issue,Resolved,3.72,25.48,3.0
TK00382,2026-06-27 15:08:00+00:00,2026-06-27 18:39:30.901000+00:00,2026-06-28 13:15:44.861000+00:00,T01,Medium,Web,Account Access,Resolved,3.53,22.13,5.0
TK00383,2026-05-07 09:20:00+00:00,2026-05-07 11:22:40.313000+00:00,2026-05-08 00:54:06.378000+00:00,T01,High,Chat,Delivery Question,Resolved,2.04,15.57,3.0
TK00384,2026-06-08 09:25:00+00:00,2026-06-08 11:52:02.798000+00:00,2026-06-08 19:36:56.802000+00:00,T01,Medium,Email,Account Access,Resolved,2.45,10.2,5.0
TK00385,2026-06-21 10:16:00+00:00,2026-06-21 19:00:54.326000+00:00,2026-06-22 22:15:59.110000+00:00,T03,Medium,Web,Delivery Question,Resolved,8.75,36.0,4.0
TK00386,2026-07-23 12:04:00+00:00,2026-07-23 13:44:02.343000+00:00,2026-07-24 11:50:04.727000+00:00,T04,Medium,Phone,Cancellation,Resolved,1.67,23.77,5.0
TK00387,2026-06-21 08:44:00+00:00,2026-06-21 13:04:18.160000+00:00,2026-06-22 19:00:07.759000+00:00,T01,Low,Email,Delivery Question,Resolved,4.34,34.27,2.0
TK00388,2026-05-17 11:01:00+00:00,2026-05-17 12:49:40.824000+00:00,2026-05-18 05:16:30.031000+00:00,T01,High,Email,Technical Issue,Resolved,1.81,18.26,5.0
TK00389,2026-07-13 17:30:00+00:00,2026-07-13 21:42:06.040000+00:00,2026-07-16 04:54:09.034000+00:00,T02,Medium,Email,Technical Issue,Resolved,4.2,59.4,3.0
TK00390,2026-05-29 14:45:00+00:00,2026-05-30 02:11:43.252000+00:00,2026-06-01 15:51:38.771000+00:00,T04,Low,Email,Cancellation,Resolved,11.45,73.11,3.0
TK00391,2026-05-22 08:46:00+00:00,2026-05-22 10:44:47.886000+00:00,2026-05-23 05:19:12.660000+00:00,T01,Medium,Chat,Account Access,Resolved,1.98,20.55,5.0
TK00392,2026-05-29 16:23:00+00:00,2026-05-29 18:26:41.473000+00:00,2026-05-30 02:08:33.333000+00:00,T01,High,Web,Account Access,Resolved,2.06,9.76,4.0
TK00393,2026-07-15 08:22:00+00:00,2026-07-15 17:37:00.169000+00:00,2026-07-17 11:06:33.006000+00:00,T04,Low,Web,Cancellation,Resolved,9.25,50.74,2.0
TK00394,2026-05-26 18:14:00+00:00,2026-05-26 20:51:47.573000+00:00,2026-05-29 04:26:49.457000+00:00,T02,Medium,Email,Technical Issue,Resolved,2.63,58.21,4.0
TK00395,2026-06-27 17:32:00+00:00,2026-06-27 22:51:59.305000+00:00,2026-06-30 19:53:39.692000+00:00,T02,Low,Web,Technical Issue,Resolved,5.33,74.36,3.0
TK00396,2026-07-23 17:17:00+00:00,2026-07-23 22:25:24.091000+00:00,2026-07-26 16:18:47.761000+00:00,T03,Medium,Email,Billing Query,Resolved,5.14,71.03,3.0
TK00397,2026-07-26 14:59:00+00:00,2026-07-26 18:53:00.860000+00:00,2026-07-28 03:40:00.030000+00:00,T02,Low,Email,Account Access,Resolved,3.9,36.68,3.0
TK00398,2026-07-01 12:42:00+00:00,2026-07-01 15:19:19.542000+00:00,2026-07-03 01:14:36.858000+00:00,T02,Medium,Web,Technical Issue,Resolved,2.62,36.54,3.0
TK00399,2026-05-13 16:31:00+00:00,2026-05-13 21:23:30.576000+00:00,2026-05-14 23:00:04.456000+00:00,T01,Low,Email,Technical Issue,Resolved,4.88,30.48,2.0
TK00400,2026-07-10 18:52:00+00:00,2026-07-10 23:26:49.007000+00:00,2026-07-13 06:41:07.585000+00:00,T04,High,Chat,Technical Issue,Resolved,4.58,59.82,5.0
TK00401,2026-06-08 09:50:00+00:00,2026-06-08 12:47:01.027000+00:00,2026-06-09 23:27:56.830000+00:00,T01,Medium,Email,Technical Issue,Resolved,2.95,37.63,4.0
TK00402,2026-06-13 14:09:00+00:00,2026-06-13 16:54:33.826000+00:00,2026-06-14 03:20:31.509000+00:00,T03,High,Chat,Billing Query,Resolved,2.76,13.19,5.0
TK00403,2026-07-20 13:40:00+00:00,2026-07-20 21:36:55.972000+00:00,,T01,Low,Web,Account Access,Resolved,7.95,22.71,4.0
TK00404,2026-07-15 17:33:00+00:00,2026-07-15 18:59:24.886000+00:00,2026-07-16 06:00:42.665000+00:00,T01,High,Phone,Cancellation,Resolved,1.44,12.46,5.0
TK00405,2026-06-04 13:51:00+00:00,2026-06-04 19:30:40.730000+00:00,2026-06-06 06:40:20.176000+00:00,T03,Medium,Email,Billing Query,Resolved,5.66,40.82,3.0
TK00406,2026-06-24 11:00:00+00:00,2026-06-24 13:38:32.975000+00:00,2026-06-25 08:48:17.867000+00:00,T03,Urgent,Chat,Billing Query,Resolved,2.64,21.8,4.0
TK00407,2026-07-16 16:52:00+00:00,2026-07-16 18:57:38.393000+00:00,2026-07-18 08:23:16.844000+00:00,T03,High,Email,Billing Query,Resolved,2.09,39.52,4.0
TK00408,2026-06-02 08:46:00+00:00,2026-06-02 10:55:27.334000+00:00,2026-06-03 23:57:08.875000+00:00,T02,High,Chat,Technical Issue,Resolved,2.16,39.19,5.0
TK00409,2026-05-14 15:44:00+00:00,2026-05-14 21:06:10.084000+00:00,2026-05-15 05:14:08.649000+00:00,T01,Medium,Email,Delivery Question,Resolved,5.37,13.5,3.0
TK00410,2026-06-20 15:27:00+00:00,2026-06-20 19:29:18.294000+00:00,2026-06-22 05:48:04.615000+00:00,T04,Medium,Phone,Account Access,Resolved,4.04,38.35,5.0
TK00411,2026-05-31 08:41:00+00:00,2026-05-31 17:06:19.206000+00:00,2026-06-02 22:52:25.825000+00:00,T03,Medium,Email,Billing Query,Resolved,8.42,62.19,3.0
TK00412,2026-05-09 13:25:00+00:00,2026-05-09 16:12:29.575000+00:00,2026-05-11 00:09:08.469000+00:00,T02,Low,Email,Technical Issue,Resolved,2.79,34.74,5.0
TK00413,2026-07-05 09:37:00+00:00,2026-07-05 15:36:53.197000+00:00,2026-07-07 02:30:28.273000+00:00,T01,Low,Web,Cancellation,Resolved,6.0,40.89,4.0
TK00414,2026-07-26 17:38:00+00:00,2026-07-26 20:23:30.621000+00:00,2026-07-31 04:34:38.825000+00:00,T02,Low,Phone,Technical Issue,Resolved,2.76,106.94,4.0
TK00415,2026-05-16 17:29:00+00:00,2026-05-16 20:44:19.827000+00:00,2026-05-19 16:44:58.634000+00:00,T02,Medium,Chat,Technical Issue,Resolved,3.26,71.27,2.0
TK00416,2026-07-20 11:15:00+00:00,2026-07-20 12:48:03.654000+00:00,2026-07-21 05:20:39.298000+00:00,T02,Medium,Email,Account Access,Resolved,1.55,18.09,4.0
TK00417,2026-07-09 18:03:00+00:00,2026-07-10 00:16:11.623000+00:00,2026-07-10 05:14:59.509000+00:00,T01,Low,Email,Account Access,Resolved,6.22,11.2,4.0
TK00418,2026-07-02 14:36:00+00:00,2026-07-02 19:37:43.480000+00:00,2026-07-06 12:27:21.569000+00:00,T04,Low,Phone,Technical Issue,Resolved,5.03,93.86,3.0
TK00419,2026-06-21 10:43:00+00:00,2026-06-21 14:21:24.434000+00:00,2026-06-23 02:51:06.521000+00:00,T02,Medium,Chat,Technical Issue,Resolved,3.64,40.14,3.0
TK00420,2026-07-19 18:01:00+00:00,2026-07-19 18:57:36.579000+00:00,2026-07-20 14:44:38.824000+00:00,T03,High,Email,Billing Query,Resolved,0.94,20.73,5.0
TK00421,2026-06-29 12:16:00+00:00,2026-06-29 15:39:06.318000+00:00,2026-07-03 03:15:21.466000+00:00,T02,Medium,Email,Technical Issue,Resolved,3.39,86.99,1.0
TK00422,2026-05-09 08:09:00+00:00,2026-05-09 13:13:47.017000+00:00,2026-05-10 23:54:53.362000+00:00,T03,Medium,Email,Billing Query,Resolved,5.08,39.76,2.0
TK00423,2026-06-30 17:42:00+00:00,2026-06-30 23:15:13.535000+00:00,2026-07-01 20:18:24.956000+00:00,T01,Medium,Email,Delivery Question,Resolved,5.55,26.61,4.0
TK00424,2026-05-26 18:24:00+00:00,2026-05-26 22:18:01.811000+00:00,2026-05-29 09:08:26.453000+00:00,T02,Medium,Email,Technical Issue,Resolved,3.9,62.74,4.0
TK00425,2026-07-21 16:47:00+00:00,2026-07-21 20:11:21.666000+00:00,,T02,Low,Chat,Technical Issue,Open,3.41,,
TK00426,2026-05-31 14:30:00+00:00,2026-05-31 18:54:49.399000+00:00,2026-06-02 19:39:38.209000+00:00,T02,Low,Email,Technical Issue,Resolved,4.41,53.16,2.0
TK00427,2026-05-23 13:52:00+00:00,2026-05-23 17:18:35.984000+00:00,,T03,High,Chat,Billing Query,Pending,3.44,,
TK00428,2026-06-07 11:42:00+00:00,2026-06-07 17:22:46.746000+00:00,2026-06-09 05:28:21.629000+00:00,T04,Medium,Web,Cancellation,Resolved,5.68,41.77,4.0
TK00429,2026-05-10 16:04:00+00:00,2026-05-10 21:28:21.662000+00:00,2026-05-12 05:19:05.641000+00:00,T03,Medium,Email,Billing Query,Resolved,5.41,37.25,3.0
TK00430,2026-07-22 17:57:00+00:00,2026-07-22 21:43:24.312000+00:00,2026-07-23 07:52:25.088000+00:00,T01,Low,Chat,Account Access,Resolved,3.77,13.92,4.0
TK00431,2026-06-25 09:22:00+00:00,2026-06-25 12:34:03.557000+00:00,2026-06-27 03:16:25.303000+00:00,T03,Medium,Chat,Billing Query,Resolved,3.2,41.91,5.0
TK00432,2026-06-10 14:37:00+00:00,2026-06-10 16:15:40.691000+00:00,,T01,High,Phone,Delivery Question,Open,1.64,,
TK00433,2026-07-03 15:43:00+00:00,2026-07-03 20:59:26.863000+00:00,2026-07-05 09:29:33.973000+00:00,T03,Medium,Chat,Billing Query,Resolved,5.27,41.78,4.0
TK00434,2026-06-08 17:40:00+00:00,2026-06-08 21:42:48.773000+00:00,2026-06-09 07:19:09.014000+00:00,T01,Medium,Email,Delivery Question,Resolved,4.05,13.65,4.0
TK00435,2026-05-06 17:52:00+00:00,2026-05-06 20:18:30.224000+00:00,,T01,High,Chat,Account Access,Open,2.44,,
TK00436,2026-05-31 16:41:00+00:00,2026-05-31 20:22:41.234000+00:00,,T03,Low,Chat,Billing Query,Open,3.69,,
TK00437,2026-06-23 10:43:00+00:00,2026-06-23 16:16:29.978000+00:00,2026-06-24 11:19:47.813000+00:00,T01,Medium,Email,Account Access,Resolved,5.56,24.61,3.0
TK00438,2026-06-10 18:39:00+00:00,2026-06-10 22:52:36.507000+00:00,2026-06-11 17:26:35.699000+00:00,T01,Medium,Web,Delivery Question,Resolved,4.23,22.79,4.0
TK00439,2026-06-22 12:51:00+00:00,2026-06-22 15:28:17.109000+00:00,2026-06-23 20:53:34.011000+00:00,T01,Medium,Chat,Cancellation,Resolved,2.62,32.04,4.0
TK00440,2026-07-13 16:25:00+00:00,2026-07-13 21:04:37.603000+00:00,2026-07-16 18:29:25.228000+00:00,T04,Medium,Chat,Cancellation,Resolved,4.66,74.07,3.0
TK00441,2026-06-19 13:12:00+00:00,2026-06-19 16:48:54.711000+00:00,2026-06-22 07:23:24.491000+00:00,T03,Medium,Chat,Billing Query,Resolved,3.62,66.19,4.0
TK00442,2026-07-08 14:28:00+00:00,2026-07-08 17:24:34.228000+00:00,2026-07-09 08:48:54.831000+00:00,T01,Low,Chat,Delivery Question,Resolved,2.94,18.35,4.0
TK00443,2026-06-14 17:59:00+00:00,2026-06-15 01:08:09.557000+00:00,2026-06-16 08:58:24.570000+00:00,T04,Medium,Email,Delivery Question,Resolved,7.15,38.99,4.0
TK00444,2026-06-24 18:54:00+00:00,2026-06-24 23:07:08.920000+00:00,2026-06-26 12:47:52.739000+00:00,T04,Medium,Phone,Delivery Question,Resolved,4.22,41.9,5.0
TK00445,2026-05-30 14:29:00+00:00,2026-05-30 15:10:39.576000+00:00,2026-05-30 23:24:44.723000+00:00,T01,Medium,Email,Account Access,Resolved,0.69,8.93,5.0
TK00446,2026-06-12 10:22:00+00:00,2026-06-12 13:56:30.392000+00:00,2026-06-13 23:17:21.372000+00:00,T03,Medium,Chat,Billing Query,Resolved,3.58,36.92,4.0
TK00447,2026-07-09 08:36:00+00:00,2026-07-09 13:55:54.477000+00:00,2026-07-10 08:22:11.196000+00:00,T02,Low,Email,Account Access,Resolved,5.33,23.77,4.0
TK00448,2026-07-01 08:34:00+00:00,2026-07-01 12:15:52.640000+00:00,2026-07-02 04:05:45.937000+00:00,T01,High,Chat,Account Access,Resolved,3.7,19.53,5.0
TK00449,2026-06-15 08:05:00+00:00,2026-06-15 13:21:58.761000+00:00,2026-06-18 08:39:06.330000+00:00,T04,Medium,Chat,Cancellation,Resolved,5.28,72.57,3.0
TK00450,2026-07-05 14:05:00+00:00,2026-07-05 17:17:51.516000+00:00,2026-07-08 09:25:33.392000+00:00,T04,Medium,Chat,Delivery Question,Resolved,3.21,67.34,3.0
TK00451,2026-05-21 12:06:00+00:00,2026-05-21 14:56:55.456000+00:00,2026-05-22 02:19:29.892000+00:00,T01,Medium,Chat,Delivery Question,Resolved,2.85,14.22,4.0
TK00452,2026-07-11 12:55:00+00:00,2026-07-11 16:05:35.605000+00:00,2026-07-13 18:20:23.841000+00:00,T02,Medium,Web,Technical Issue,Resolved,3.18,53.42,4.0
TK00453,2026-06-02 08:18:00+00:00,2026-06-02 10:01:09.954000+00:00,2026-06-03 10:15:10.908000+00:00,T02,Medium,Email,Account Access,Resolved,1.72,25.95,5.0
TK00454,2026-05-18 08:28:00+00:00,2026-05-18 17:03:16.895000+00:00,2026-05-20 15:17:44.002000+00:00,T04,Medium,Email,Cancellation,Resolved,8.59,54.83,3.0
TK00455,2026-06-20 11:25:00+00:00,2026-06-20 19:57:36.420000+00:00,2026-06-23 19:23:42.582000+00:00,T03,Medium,Web,Billing Query,Resolved,8.54,79.98,3.0
TK00456,2026-05-21 18:47:00+00:00,2026-05-21 23:32:32.600000+00:00,2026-05-24 10:27:56.603000+00:00,T03,Medium,Email,Billing Query,Resolved,4.76,63.68,2.0
TK00457,2026-06-01 18:22:00+00:00,2026-06-01 21:04:23.707000+00:00,2026-06-03 12:05:57.937000+00:00,T04,Medium,Phone,Cancellation,Resolved,2.71,41.73,4.0
TK00458,2026-06-11 11:24:00+00:00,2026-06-11 18:32:51.607000+00:00,2026-06-13 09:17:38.620000+00:00,T04,Medium,Web,Delivery Question,Resolved,7.15,45.89,3.0
TK00459,2026-05-31 16:11:00+00:00,2026-06-01 00:28:50.858000+00:00,2026-06-02 12:40:14.959000+00:00,T04,Medium,Email,Delivery Question,Resolved,8.3,44.49,4.0
TK00460,2026-05-17 12:05:00+00:00,2026-05-17 22:21:02.111000+00:00,2026-05-20 00:59:15.093000+00:00,T03,Low,Web,Billing Query,Resolved,10.27,60.9,3.0
TK00461,2026-07-26 17:15:00+00:00,2026-07-26 21:38:56.571000+00:00,2026-07-27 08:50:58.558000+00:00,T01,High,Email,Delivery Question,Resolved,4.4,15.6,4.0
TK00462,2026-05-17 09:05:00+00:00,2026-05-17 11:19:17.716000+00:00,2026-05-18 19:21:07.782000+00:00,T02,High,Email,Technical Issue,Resolved,2.24,34.27,5.0
TK00463,2026-06-02 12:46:00+00:00,2026-06-02 13:29:58.189000+00:00,2026-06-03 21:15:56.872000+00:00,T02,Medium,Chat,Technical Issue,Resolved,0.73,32.5,5.0
TK00464,2026-05-23 12:04:00+00:00,2026-05-23 14:53:16.664000+00:00,2026-05-26 21:40:14.403000+00:00,T02,Low,Phone,Technical Issue,Resolved,2.82,81.6,4.0
TK00465,2026-05-18 10:22:00+00:00,2026-05-18 15:21:34.009000+00:00,2026-05-19 13:35:38.488000+00:00,T04,High,Web,Account Access,Resolved,4.99,27.23,5.0
TK00466,2026-05-09 15:34:00+00:00,2026-05-09 20:30:20.172000+00:00,2026-05-10 16:22:43.041000+00:00,T04,Medium,Email,Delivery Question,Resolved,4.94,24.81,5.0
TK00467,2026-07-24 16:09:00+00:00,2026-07-24 18:50:18.965000+00:00,2026-07-26 04:58:25.854000+00:00,T02,High,Email,Technical Issue,Resolved,2.69,36.82,5.0
TK00468,2026-06-11 18:44:00+00:00,2026-06-11 23:21:11.904000+00:00,2026-06-13 15:39:53.209000+00:00,T02,Medium,Web,Technical Issue,Resolved,4.62,44.93,3.0
TK00469,2026-06-13 15:01:00+00:00,2026-06-13 16:33:04.966000+00:00,2026-06-14 04:35:11.153000+00:00,T01,Medium,Chat,Cancellation,Resolved,1.53,13.57,3.0
TK00470,2026-06-20 15:39:00+00:00,2026-06-20 20:08:22.580000+00:00,2026-06-25 07:36:16.249000+00:00,T03,Medium,Chat,Billing Query,Resolved,4.49,111.95,3.0
TK00471,2026-06-12 16:30:00+00:00,2026-06-12 17:36:39.512000+00:00,2026-06-13 04:42:33.469000+00:00,T02,High,Chat,Account Access,Resolved,1.11,12.21,5.0
TK00472,2026-05-21 12:38:00+00:00,2026-05-21 17:28:40.145000+00:00,,T02,Low,Email,Technical Issue,Open,4.84,,
TK00473,2026-07-12 18:10:00+00:00,2026-07-12 20:42:30.982000+00:00,2026-07-15 19:07:09.934000+00:00,T02,Medium,Email,Technical Issue,Resolved,2.54,72.95,4.0
TK00474,2026-06-02 17:36:00+00:00,2026-06-02 20:58:42.260000+00:00,2026-06-05 08:50:59.217000+00:00,T02,Medium,Email,Technical Issue,Resolved,3.38,63.25,4.0
TK00475,2026-06-10 08:44:00+00:00,2026-06-10 10:01:29.199000+00:00,2026-06-11 13:15:11.459000+00:00,T02,Medium,Web,Technical Issue,Resolved,1.29,28.52,4.0
TK00476,2026-06-22 17:57:00+00:00,2026-06-22 22:51:08.042000+00:00,2026-06-26 09:28:32.894000+00:00,T02,Low,Email,Technical Issue,Resolved,4.9,87.53,3.0
TK00477,2026-07-01 16:14:00+00:00,2026-07-02 05:46:26.854000+00:00,2026-07-06 01:59:11.519000+00:00,T03,Low,Email,Billing Query,Resolved,13.54,105.75,2.0
TK00478,2026-06-12 16:43:00+00:00,2026-06-12 19:54:19.132000+00:00,,T02,Medium,Chat,Technical Issue,Pending,3.19,,
TK00479,2026-07-14 13:08:00+00:00,2026-07-14 14:36:05.869000+00:00,2026-07-16 12:04:25.759000+00:00,T02,Medium,Chat,Technical Issue,Resolved,1.47,46.94,3.0
TK00480,2026-05-27 10:13:00+00:00,2026-05-27 16:44:25.660000+00:00,2026-05-29 00:35:53.410000+00:00,T04,Medium,Email,Delivery Question,Resolved,6.52,38.38,4.0
TK00481,2026-07-07 16:48:00+00:00,2026-07-07 19:49:37.884000+00:00,2026-07-10 11:15:07.207000+00:00,T02,Medium,Email,Technical Issue,Resolved,3.03,66.45,3.0
TK00482,2026-05-24 08:02:00+00:00,2026-05-24 10:55:14.174000+00:00,2026-05-24 17:06:48.820000+00:00,T01,High,Email,Account Access,Resolved,2.89,9.08,4.0
TK00483,2026-06-18 16:20:00+00:00,2026-06-18 18:23:46.969000+00:00,2026-06-20 17:39:49.937000+00:00,T01,Medium,Chat,Billing Query,Resolved,2.06,49.33,4.0
TK00484,2026-06-05 15:50:00+00:00,2026-06-05 19:35:17.541000+00:00,2026-06-08 03:09:31.286000+00:00,T04,Medium,Email,Technical Issue,Resolved,3.75,59.33,4.0
TK00485,2026-05-09 08:35:00+00:00,2026-05-09 11:28:48.300000+00:00,2026-05-10 06:58:24.637000+00:00,T01,Medium,Chat,Account Access,Resolved,2.9,22.39,5.0
TK00486,2026-07-24 15:27:00+00:00,2026-07-24 16:09:15.577000+00:00,2026-07-25 08:12:07.720000+00:00,T01,Urgent,Phone,Billing Query,Resolved,0.7,16.75,5.0
TK00487,2026-05-23 12:52:00+00:00,2026-05-23 17:05:42.605000+00:00,2026-05-24 18:59:26.593000+00:00,T04,Medium,Email,Delivery Question,Resolved,4.23,30.12,4.0
TK00488,2026-05-18 12:22:00+00:00,2026-05-18 14:51:56.401000+00:00,2026-05-20 01:20:27.931000+00:00,T03,High,Chat,Cancellation,Resolved,2.5,36.97,4.0
TK00489,2026-07-19 15:15:00+00:00,2026-07-19 17:41:40.429000+00:00,2026-07-20 11:37:29.160000+00:00,T01,Medium,Chat,Billing Query,Resolved,2.44,20.37,5.0
TK00490,2026-06-29 10:34:00+00:00,2026-06-29 13:47:03.851000+00:00,2026-07-03 09:01:10.543000+00:00,T02,Low,Email,Technical Issue,Resolved,3.22,94.45,1.0
TK00491,2026-05-26 12:13:00+00:00,2026-05-26 21:35:53.024000+00:00,2026-05-28 15:42:49.587000+00:00,T03,Medium,Email,Billing Query,Resolved,9.38,51.5,3.0
TK00492,2026-06-21 10:10:00+00:00,2026-06-21 18:07:01.582000+00:00,2026-06-22 10:08:44.409000+00:00,T01,Medium,Email,Account Access,Resolved,7.95,23.98,4.0
TK00493,2026-06-10 11:38:00+00:00,2026-06-10 15:42:04.074000+00:00,2026-06-11 23:30:18.626000+00:00,T04,High,Chat,Cancellation,Resolved,4.07,35.87,4.0
TK00494,2026-07-21 14:30:00+00:00,2026-07-21 17:49:55.943000+00:00,,T01,Medium,Chat,Cancellation,Pending,3.33,,
TK00495,2026-07-11 11:42:00+00:00,2026-07-11 14:05:49.522000+00:00,2026-07-13 10:31:03.898000+00:00,T03,Medium,Chat,Billing Query,Resolved,2.4,46.82,4.0
TK00496,2026-05-24 09:56:00+00:00,2026-05-24 13:48:21.051000+00:00,2026-05-25 14:41:42.096000+00:00,T03,High,Email,Billing Query,Resolved,3.87,28.76,4.0
TK00497,2026-07-15 09:33:00+00:00,2026-07-15 14:03:56.532000+00:00,,T03,Medium,Email,Billing Query,Pending,4.52,,
TK00498,2026-05-20 14:37:00+00:00,2026-05-20 16:36:02.036000+00:00,,T03,High,Phone,Billing Query,Open,1.98,,
TK00499,2026-05-05 17:16:00+00:00,2026-05-05 19:39:10.275000+00:00,2026-05-06 15:28:26.069000+00:00,T01,Medium,Chat,Delivery Question,Resolved,2.39,22.21,5.0
TK00500,2026-07-18 09:22:00+00:00,2026-07-18 12:41:56.346000+00:00,2026-07-20 00:47:58.875000+00:00,T04,Low,Phone,Delivery Question,Resolved,3.33,39.43,4.0
TK00501,2026-07-17 10:22:00+00:00,2026-07-17 14:34:05.915000+00:00,2026-07-18 17:51:21.780000+00:00,T04,High,Email,Technical Issue,Resolved,4.2,31.49,5.0
TK00502,2026-05-21 12:33:00+00:00,2026-05-21 13:41:46.164000+00:00,2026-05-23 23:26:41.066000+00:00,T02,High,Phone,Technical Issue,Resolved,1.15,58.89,3.0
TK00503,2026-06-25 09:28:00+00:00,2026-06-25 17:13:27.951000+00:00,2026-06-28 13:21:34.016000+00:00,T04,Low,Email,Delivery Question,Resolved,7.76,75.89,3.0
TK00504,2026-07-22 15:19:00+00:00,2026-07-23 01:40:14.260000+00:00,2026-07-26 09:49:48.627000+00:00,T04,Low,Email,Technical Issue,Resolved,10.35,90.51,3.0
TK00505,2026-07-03 12:20:00+00:00,2026-07-03 17:15:40.826000+00:00,2026-07-04 09:32:43.710000+00:00,T04,Urgent,Email,Cancellation,Resolved,4.93,21.21,4.0
TK00506,2026-05-24 09:03:00+00:00,2026-05-24 12:04:52.221000+00:00,2026-05-24 18:51:46.104000+00:00,T01,High,Email,Account Access,Resolved,3.03,9.81,5.0
TK00507,2026-06-03 08:22:00+00:00,2026-06-03 14:57:03.407000+00:00,2026-06-05 15:21:02.640000+00:00,T03,Medium,Email,Billing Query,Resolved,6.58,54.98,3.0
TK00508,2026-07-03 10:52:00+00:00,2026-07-03 14:35:12.430000+00:00,2026-07-04 03:11:25.020000+00:00,T01,High,Email,Cancellation,Resolved,3.72,16.32,5.0
TK00509,2026-07-20 16:25:00+00:00,2026-07-20 20:22:33.839000+00:00,2026-07-22 14:48:41.298000+00:00,T02,Medium,Email,Technical Issue,Resolved,3.96,46.39,4.0
TK00510,2026-06-26 13:58:00+00:00,2026-06-26 19:53:13.897000+00:00,2026-06-28 04:12:13.110000+00:00,T04,High,Email,Delivery Question,Resolved,5.92,38.24,4.0
TK00511,2026-07-15 17:31:00+00:00,2026-07-15 23:23:04.663000+00:00,,T01,Medium,Email,Account Access,Pending,5.87,,
TK00512,2026-06-22 15:11:00+00:00,2026-06-23 00:09:26.434000+00:00,2026-06-27 07:31:12.583000+00:00,T02,Low,Email,Technical Issue,Resolved,8.97,112.34,2.0
TK00513,2026-06-14 08:35:00+00:00,2026-06-14 12:28:03.576000+00:00,2026-06-15 04:55:06.674000+00:00,T02,High,Email,Technical Issue,Resolved,3.88,20.34,4.0
TK00514,2026-05-08 16:40:00+00:00,2026-05-08 20:02:49.826000+00:00,2026-05-09 04:30:17.862000+00:00,T01,Low,Chat,Account Access,Resolved,3.38,11.84,5.0
TK00515,2026-06-07 16:34:00+00:00,2026-06-07 21:13:46.624000+00:00,2026-06-09 04:05:37.884000+00:00,T03,High,Web,Billing Query,Resolved,4.66,35.53,2.0
TK00516,2026-05-16 16:46:00+00:00,2026-05-16 19:11:38.774000+00:00,,T03,Urgent,Web,Billing Query,Open,2.43,,
TK00517,2026-05-27 10:20:00+00:00,2026-05-27 12:11:18.369000+00:00,2026-05-27 16:40:31.072000+00:00,T01,High,Chat,Technical Issue,Resolved,1.86,6.34,5.0
TK00518,2026-05-30 09:46:00+00:00,2026-05-30 16:56:31.200000+00:00,,T04,Medium,Email,Cancellation,Pending,7.18,,
TK00519,2026-06-04 18:00:00+00:00,2026-06-04 19:59:46.364000+00:00,2026-06-06 06:34:34.939000+00:00,T04,High,Email,Cancellation,Resolved,2.0,36.58,5.0
TK00520,2026-06-28 18:22:00+00:00,2026-06-29 00:08:14.946000+00:00,2026-06-29 12:50:09.364000+00:00,T01,Medium,Email,Delivery Question,Resolved,5.77,18.47,4.0
TK00521,2026-07-24 08:01:00+00:00,2026-07-24 10:23:33.109000+00:00,2026-07-26 11:22:53.614000+00:00,T03,High,Chat,Billing Query,Resolved,2.38,51.36,2.0
TK00522,2026-07-05 08:06:00+00:00,2026-07-05 14:26:07.721000+00:00,2026-07-06 18:21:51.957000+00:00,T02,Medium,Email,Account Access,Resolved,6.34,34.26,5.0
TK00523,2026-07-04 12:08:00+00:00,2026-07-04 13:03:03.367000+00:00,2026-07-06 00:06:26.699000+00:00,T02,Urgent,Phone,Technical Issue,Resolved,0.92,35.97,4.0
TK00524,2026-05-05 14:45:00+00:00,2026-05-05 17:13:45.643000+00:00,2026-05-07 03:02:40.912000+00:00,T03,Medium,Email,Billing Query,Resolved,2.48,36.29,2.0
TK00525,2026-07-17 14:50:00+00:00,2026-07-17 16:43:31.637000+00:00,2026-07-19 09:14:46.762000+00:00,T02,Low,Phone,Account Access,Resolved,1.89,42.41,3.0
TK00526,2026-06-06 11:58:00+00:00,2026-06-06 15:35:08.583000+00:00,2026-06-07 08:38:47.756000+00:00,T03,High,Email,Delivery Question,Resolved,3.62,20.68,5.0
TK00527,2026-06-02 18:49:00+00:00,2026-06-03 01:01:41.457000+00:00,2026-06-04 09:49:25.937000+00:00,T03,High,Email,Billing Query,Resolved,6.21,39.01,1.0
TK00528,2026-07-13 13:56:00+00:00,2026-07-13 15:14:06.730000+00:00,2026-07-13 19:11:32.122000+00:00,T01,Urgent,Chat,Delivery Question,Resolved,1.3,5.26,5.0
TK00529,2026-05-31 18:30:00+00:00,2026-06-01 00:31:28.118000+00:00,2026-06-02 20:55:17.292000+00:00,T02,Low,Email,Technical Issue,Resolved,6.02,50.42,3.0
TK00530,2026-06-19 17:35:00+00:00,2026-06-20 09:30:13.320000+00:00,2026-06-23 17:00:34.002000+00:00,T04,Low,Web,Cancellation,Resolved,15.92,95.43,2.0
TK00531,2026-06-29 10:38:00+00:00,2026-06-29 19:35:45.376000+00:00,2026-07-01 14:14:56.946000+00:00,T04,Medium,Web,Cancellation,Resolved,8.96,51.62,3.0
TK00532,2026-05-21 18:49:00+00:00,2026-05-21 22:47:10.872000+00:00,2026-05-23 23:57:35.752000+00:00,T02,Medium,Email,Technical Issue,Resolved,3.97,53.14,2.0
TK00533,2026-05-09 13:40:00+00:00,2026-05-09 15:28:42.774000+00:00,2026-05-11 13:52:47.756000+00:00,T02,Medium,Web,Technical Issue,Resolved,1.81,48.21,4.0
TK00534,2026-07-09 14:02:00+00:00,2026-07-09 19:09:34.999000+00:00,2026-07-11 00:37:22.538000+00:00,T04,High,Email,Cancellation,Resolved,5.13,34.59,4.0
TK00535,2026-07-05 12:37:00+00:00,2026-07-05 18:34:04.027000+00:00,2026-07-08 12:54:41.152000+00:00,T04,Low,Web,Cancellation,Resolved,5.95,72.29,4.0
TK00536,2026-05-26 16:17:00+00:00,2026-05-26 22:37:09.616000+00:00,2026-05-28 14:06:23.655000+00:00,T04,Medium,Email,Cancellation,Resolved,6.34,45.82,4.0
TK00537,2026-07-23 17:37:00+00:00,2026-07-23 23:48:46.192000+00:00,2026-07-25 03:21:06.860000+00:00,T03,Medium,Email,Billing Query,Resolved,6.2,33.74,2.0
TK00538,2026-06-01 12:38:00+00:00,2026-06-01 14:52:31.480000+00:00,2026-06-03 10:27:00.060000+00:00,T03,High,Chat,Billing Query,Resolved,2.24,45.82,3.0
TK00539,2026-06-23 14:12:00+00:00,2026-06-23 19:14:18.379000+00:00,2026-06-25 06:48:39.366000+00:00,T03,High,Email,Billing Query,Resolved,5.04,40.61,3.0
TK00540,2026-06-27 16:58:00+00:00,2026-06-28 02:23:35.566000+00:00,2026-06-30 01:58:50.540000+00:00,T03,Medium,Web,Billing Query,Resolved,9.43,57.01,3.0
TK00541,2026-07-06 10:07:00+00:00,2026-07-06 12:57:55.207000+00:00,,T01,Medium,Email,Account Access,Pending,2.85,,
TK00542,2026-05-04 09:38:00+00:00,2026-05-04 14:38:53.078000+00:00,2026-05-05 10:25:00.639000+00:00,T04,Medium,Chat,Account Access,Resolved,5.01,24.78,5.0
TK00543,2026-07-12 10:53:00+00:00,2026-07-12 13:36:28.168000+00:00,2026-07-12 16:03:55.128000+00:00,T01,Medium,Phone,Delivery Question,Resolved,2.72,5.18,5.0
TK00544,2026-06-27 10:36:00+00:00,2026-06-27 12:26:44.520000+00:00,2026-06-28 07:48:24.816000+00:00,T01,Medium,Chat,Delivery Question,Resolved,1.85,21.21,4.0
TK00545,2026-05-18 18:08:00+00:00,2026-05-18 19:33:32.278000+00:00,2026-05-19 04:37:08.965000+00:00,T01,High,Chat,Technical Issue,Resolved,1.43,10.49,5.0
TK00546,2026-07-05 11:40:00+00:00,2026-07-05 14:00:11.159000+00:00,2026-07-05 20:27:36.392000+00:00,T01,High,Email,Delivery Question,Resolved,2.34,8.79,5.0
TK00547,2026-06-14 09:49:00+00:00,2026-06-14 12:34:25.665000+00:00,2026-06-16 06:49:16.226000+00:00,T02,Medium,Chat,Technical Issue,Resolved,2.76,45.0,2.0
TK00548,2026-05-19 16:59:00+00:00,2026-05-19 22:02:18.125000+00:00,2026-05-21 00:52:27.018000+00:00,T04,High,Email,Delivery Question,Resolved,5.06,31.89,4.0
TK00549,2026-05-23 09:07:00+00:00,2026-05-23 15:41:42.718000+00:00,,T04,Low,Chat,Cancellation,Pending,6.58,,
TK00550,2026-07-10 13:50:00+00:00,2026-07-10 17:51:24.465000+00:00,2026-07-11 07:50:42.363000+00:00,T01,Medium,Email,Account Access,Resolved,4.02,18.01,3.0
TK00551,2026-05-19 12:51:00+00:00,2026-05-19 14:15:58.028000+00:00,2026-05-20 12:04:42.125000+00:00,T01,Medium,Phone,Account Access,Resolved,1.42,23.23,5.0
TK00552,2026-05-27 17:39:00+00:00,2026-05-27 22:23:32.529000+00:00,2026-05-29 12:31:37.076000+00:00,T04,Medium,Chat,Cancellation,Resolved,4.74,42.88,3.0
TK00553,2026-06-07 08:23:00+00:00,2026-06-07 08:56:15.395000+00:00,2026-06-08 19:29:16.353000+00:00,T04,High,Chat,Delivery Question,Resolved,0.55,35.1,3.0
TK00554,2026-05-24 15:00:00+00:00,2026-05-24 19:02:08.429000+00:00,2026-05-25 06:09:10.308000+00:00,T01,Medium,Email,Account Access,Resolved,4.04,15.15,4.0
TK00555,2026-07-16 08:00:00+00:00,2026-07-16 10:46:51.351000+00:00,2026-07-16 22:00:49.788000+00:00,T04,Medium,Chat,Delivery Question,Resolved,2.78,14.01,4.0
TK00556,2026-06-02 10:50:00+00:00,2026-06-02 15:35:05.327000+00:00,,T03,Medium,Chat,Billing Query,Open,4.75,,
TK00557,2026-07-10 08:16:00+00:00,2026-07-10 16:05:38.665000+00:00,2026-07-11 14:04:31.336000+00:00,T04,Medium,Email,Delivery Question,Resolved,7.83,29.81,4.0
TK00558,2026-07-22 11:44:00+00:00,2026-07-22 14:36:58.631000+00:00,2026-07-23 10:42:50.294000+00:00,T01,Low,Chat,Cancellation,Resolved,2.88,22.98,5.0
TK00559,2026-06-11 13:38:00+00:00,2026-06-11 19:20:29.561000+00:00,2026-06-12 18:25:01.060000+00:00,T01,Medium,Email,Technical Issue,Resolved,5.71,28.78,3.0
TK00560,2026-06-04 17:04:00+00:00,2026-06-04 18:01:16.207000+00:00,2026-06-05 19:43:52.732000+00:00,T02,High,Chat,Technical Issue,Resolved,0.95,26.66,5.0
TK00561,2026-06-07 17:25:00+00:00,2026-06-07 19:28:58.324000+00:00,2026-06-08 00:18:42.723000+00:00,T01,High,Chat,Account Access,Resolved,2.07,6.9,4.0
TK00562,2026-06-30 12:40:00+00:00,2026-06-30 13:47:10.668000+00:00,2026-07-02 02:20:44.330000+00:00,T02,Urgent,Web,Technical Issue,Resolved,1.12,37.68,2.0
TK00563,2026-05-18 17:19:00+00:00,2026-05-19 00:28:25.231000+00:00,2026-05-19 11:26:56.479000+00:00,T03,Medium,Web,Billing Query,Resolved,7.16,18.13,5.0
TK00564,2026-06-04 16:26:00+00:00,2026-06-04 20:01:01.715000+00:00,,T01,Low,Email,Technical Issue,Open,3.58,,
TK00565,2026-05-11 17:30:00+00:00,2026-05-11 18:53:20.658000+00:00,,T03,Low,Web,Delivery Question,Open,1.39,,
TK00566,2026-06-27 15:13:00+00:00,2026-06-27 22:09:26.872000+00:00,2026-06-30 15:33:45.762000+00:00,T03,Medium,Web,Billing Query,Resolved,6.94,72.35,2.0
TK00567,2026-06-19 17:57:00+00:00,2026-06-20 00:45:34.800000+00:00,2026-06-22 06:19:11.006000+00:00,T03,High,Email,Billing Query,Resolved,6.81,60.37,4.0
TK00568,2026-06-23 11:56:00+00:00,2026-06-23 15:30:11.931000+00:00,2026-06-23 16:45:07.848000+00:00,T01,Urgent,Email,Account Access,Resolved,3.57,4.82,4.0
TK00569,2026-06-20 09:49:00+00:00,2026-06-20 17:15:33.669000+00:00,2026-06-22 11:05:24.014000+00:00,T04,Medium,Email,Account Access,Resolved,7.44,49.27,2.0
TK00570,2026-05-06 15:02:00+00:00,2026-05-06 17:24:35.981000+00:00,2026-05-07 03:24:39.662000+00:00,T01,High,Email,Delivery Question,Resolved,2.38,12.38,4.0
TK00571,2026-07-26 10:26:00+00:00,2026-07-26 13:22:10.906000+00:00,2026-07-28 01:35:08.483000+00:00,T02,High,Web,Technical Issue,Resolved,2.94,39.15,3.0
TK00572,2026-06-28 12:25:00+00:00,2026-06-28 15:39:22.566000+00:00,2026-06-29 18:14:14.667000+00:00,T04,Urgent,Email,Cancellation,Resolved,3.24,29.82,5.0
TK00573,2026-07-11 08:45:00+00:00,2026-07-11 13:09:39.149000+00:00,2026-07-14 01:32:57.356000+00:00,T02,Low,Email,Technical Issue,Resolved,4.41,64.8,4.0
TK00574,2026-05-09 17:28:00+00:00,2026-05-09 18:54:07.588000+00:00,2026-05-10 18:04:29.349000+00:00,T04,High,Phone,Account Access,Resolved,1.44,24.61,5.0
TK00575,2026-05-24 14:37:00+00:00,2026-05-24 23:07:38.011000+00:00,2026-05-25 09:45:20.183000+00:00,T04,Medium,Email,Cancellation,Resolved,8.51,19.14,5.0
TK00576,2026-07-10 11:07:00+00:00,2026-07-10 16:47:43.590000+00:00,2026-07-13 01:34:02.815000+00:00,T03,Low,Chat,Cancellation,Resolved,5.68,62.45,2.0
TK00577,2026-06-18 15:54:00+00:00,2026-06-18 23:13:06.851000+00:00,2026-06-19 21:30:16.413000+00:00,T03,High,Email,Cancellation,Resolved,7.32,29.6,3.0
TK00578,2026-07-09 15:20:00+00:00,2026-07-09 20:03:58.722000+00:00,2026-07-12 10:48:49.428000+00:00,T04,Medium,Phone,Cancellation,Resolved,4.73,67.48,3.0
TK00579,2026-06-29 08:02:00+00:00,2026-06-29 12:32:10.093000+00:00,2026-07-02 14:59:02.023000+00:00,T04,Medium,Chat,Cancellation,Resolved,4.5,78.95,3.0
TK00580,2026-07-15 12:28:00+00:00,2026-07-15 13:47:23.161000+00:00,2026-07-16 06:37:31.643000+00:00,T04,High,Chat,Account Access,Resolved,1.32,18.16,5.0
TK00581,2026-05-12 18:17:00+00:00,2026-05-12 21:00:53.905000+00:00,2026-05-13 17:19:31.961000+00:00,T03,High,Email,Billing Query,Resolved,2.73,23.04,4.0
TK00582,2026-05-19 15:17:00+00:00,2026-05-19 19:26:01.376000+00:00,2026-05-21 23:46:14.744000+00:00,T04,Low,Email,Delivery Question,Resolved,4.15,56.49,3.0
TK00583,2026-05-19 09:05:00+00:00,2026-05-19 13:37:36.425000+00:00,2026-05-22 02:27:13.137000+00:00,T02,Low,Email,Technical Issue,Resolved,4.54,65.37,3.0
TK00584,2026-07-25 16:41:00+00:00,2026-07-25 20:48:02.204000+00:00,2026-07-28 04:44:38.628000+00:00,T02,Medium,Email,Technical Issue,Resolved,4.12,60.06,3.0
TK00585,2026-05-10 12:56:00+00:00,2026-05-10 18:13:19.395000+00:00,2026-05-12 06:51:26.999000+00:00,T03,Medium,Email,Billing Query,Resolved,5.29,41.92,3.0
TK00586,2026-06-30 15:34:00+00:00,2026-06-30 19:29:45.667000+00:00,2026-07-02 04:01:28.742000+00:00,T02,Medium,Web,Account Access,Resolved,3.93,36.46,2.0
TK00587,2026-05-22 13:06:00+00:00,2026-05-22 22:28:46.259000+00:00,2026-05-24 20:43:15.554000+00:00,T04,Low,Email,Billing Query,Resolved,9.38,55.62,2.0
TK00588,2026-06-17 12:08:00+00:00,2026-06-17 20:03:52.812000+00:00,2026-06-20 00:53:30.110000+00:00,T04,Medium,Chat,Account Access,Resolved,7.93,60.76,3.0
TK00589,2026-06-11 11:08:00+00:00,2026-06-11 13:08:39.831000+00:00,2026-06-12 18:44:10.762000+00:00,T03,High,Email,Cancellation,Resolved,2.01,31.6,3.0
TK00590,2026-05-09 10:41:00+00:00,2026-05-09 18:11:58.997000+00:00,2026-05-11 07:17:48.260000+00:00,T04,Low,Web,Cancellation,Resolved,7.52,44.61,4.0
TK00591,2026-07-01 11:29:00+00:00,,,T02,Medium,Phone,Technical Issue,Open,1.33,,
TK00592,2026-05-08 11:20:00+00:00,2026-05-08 14:17:18.669000+00:00,,T04,High,Web,Delivery Question,Open,2.96,,
TK00593,2026-07-03 18:18:00+00:00,2026-07-04 03:07:52.923000+00:00,,T04,Medium,Email,Delivery Question,Pending,8.83,,
TK00594,2026-05-17 18:49:00+00:00,2026-05-17 22:36:11.273000+00:00,2026-05-18 23:56:43.052000+00:00,T04,Medium,Chat,Delivery Question,Resolved,3.79,29.13,5.0
TK00595,2026-06-04 15:37:00+00:00,2026-06-04 17:12:31.074000+00:00,2026-06-06 03:34:00.815000+00:00,T02,High,Chat,Technical Issue,Resolved,1.59,35.95,4.0
TK00596,2026-06-29 18:24:00+00:00,2026-06-29 21:41:51.786000+00:00,2026-07-02 21:21:41.437000+00:00,T02,Medium,Email,Technical Issue,Resolved,3.3,74.96,2.0
TK00597,2026-07-22 15:29:00+00:00,2026-07-22 17:23:10.063000+00:00,,T02,Urgent,Email,Technical Issue,Pending,1.9,,
TK00598,2026-05-28 15:27:00+00:00,2026-05-28 16:53:24.649000+00:00,2026-05-30 09:38:23.560000+00:00,T02,Medium,Phone,Technical Issue,Resolved,1.44,42.19,3.0
TK00599,2026-06-10 18:21:00+00:00,2026-06-10 23:02:08.741000+00:00,2026-06-13 06:53:52.656000+00:00,T03,Medium,Email,Billing Query,Resolved,4.69,60.55,2.0
TK00600,2026-06-15 16:39:00+00:00,2026-06-15 19:31:08.545000+00:00,2026-06-16 15:09:38.736000+00:00,T01,Low,Email,Billing Query,Resolved,2.87,22.51,4.0
TK00601,2026-05-24 12:38:00+00:00,2026-05-24 17:52:42.260000+00:00,2026-05-25 10:32:26.041000+00:00,T03,High,Email,Billing Query,Resolved,5.25,21.91,4.0
TK00602,2026-05-27 13:37:00+00:00,2026-05-27 16:42:38.110000+00:00,2026-05-28 19:19:55.235000+00:00,T04,High,Email,Account Access,Resolved,3.09,29.72,5.0
TK00603,2026-05-22 12:18:00+00:00,2026-05-22 13:15:52.983000+00:00,2026-05-22 19:35:54.324000+00:00,T01,Urgent,Chat,Technical Issue,Resolved,0.96,7.3,5.0
TK00604,2026-05-10 08:42:00+00:00,2026-05-10 10:51:00.100000+00:00,2026-05-12 02:15:43.553000+00:00,T02,High,Email,Technical Issue,Resolved,2.15,41.56,4.0
TK00605,2026-05-18 17:07:00+00:00,2026-05-18 19:04:38.365000+00:00,2026-05-19 08:39:50.673000+00:00,T01,High,Email,Delivery Question,Resolved,1.96,15.55,5.0
TK00606,2026-05-04 17:06:00+00:00,2026-05-04 19:14:50.914000+00:00,2026-05-05 19:59:18.435000+00:00,T03,High,Chat,Delivery Question,Resolved,2.15,26.89,5.0
TK00607,2026-05-24 16:36:00+00:00,2026-05-24 22:02:27.949000+00:00,2026-05-25 20:32:56.882000+00:00,T02,Low,Web,Technical Issue,Resolved,5.44,27.95,4.0
TK00608,2026-07-26 17:53:00+00:00,2026-07-26 22:59:47.898000+00:00,2026-07-28 11:32:13.142000+00:00,T02,Medium,Web,Technical Issue,Resolved,5.11,41.65,3.0
TK00609,2026-05-05 14:53:00+00:00,2026-05-05 18:41:55.957000+00:00,2026-05-06 23:28:33.236000+00:00,T02,Medium,Email,Technical Issue,Resolved,3.82,32.59,3.0
TK00610,2026-05-20 12:24:00+00:00,2026-05-20 15:31:05.880000+00:00,2026-05-21 05:02:15.775000+00:00,T01,High,Email,Delivery Question,Resolved,3.12,16.64,5.0
TK00611,2026-07-02 09:00:00+00:00,2026-07-02 12:09:57.108000+00:00,,T01,Medium,Chat,Cancellation,Pending,3.17,,
TK00612,2026-06-05 13:16:00+00:00,2026-06-05 23:11:58.898000+00:00,2026-06-07 05:12:53.829000+00:00,T03,Low,Email,Billing Query,Resolved,9.93,39.95,4.0
TK00613,2026-07-17 08:22:00+00:00,2026-07-17 10:42:47.039000+00:00,,T02,High,Email,Technical Issue,Open,2.35,,
TK00614,2026-05-28 15:25:00+00:00,2026-05-28 17:16:01.343000+00:00,,T01,High,Phone,Delivery Question,Open,1.85,,
TK00615,2026-05-14 14:10:00+00:00,2026-05-14 18:04:36.023000+00:00,2026-05-15 16:57:30.153000+00:00,T04,High,Email,Account Access,Resolved,3.91,26.79,4.0
TK00616,2026-05-23 08:45:00+00:00,2026-05-23 14:28:25.815000+00:00,2026-05-23 22:33:09.166000+00:00,T01,Low,Email,Delivery Question,Resolved,5.72,13.8,5.0
TK00617,2026-05-19 14:16:00+00:00,2026-05-19 15:55:34.542000+00:00,2026-05-23 19:21:43.116000+00:00,T02,Low,Chat,Technical Issue,Resolved,1.66,101.1,2.0
TK00618,2026-07-03 17:57:00+00:00,2026-07-03 19:46:05.648000+00:00,,T02,Medium,Chat,Technical Issue,Open,1.82,,
TK00619,2026-07-14 10:36:00+00:00,2026-07-14 14:21:01.018000+00:00,,T04,Urgent,Email,Delivery Question,Open,3.75,,
TK00620,2026-06-17 17:13:00+00:00,2026-06-17 20:32:40.022000+00:00,2026-06-18 08:08:21.932000+00:00,T01,High,Web,Delivery Question,Resolved,3.33,14.92,4.0
TK00621,2026-05-22 09:09:00+00:00,2026-05-22 12:50:46.026000+00:00,2026-05-23 13:22:00.319000+00:00,T02,High,Email,Account Access,Resolved,3.7,28.22,4.0
TK00622,2026-05-15 11:46:00+00:00,2026-05-15 18:16:03.696000+00:00,2026-05-17 03:06:20.082000+00:00,T03,Medium,Email,Billing Query,Resolved,6.5,39.34,3.0
TK00623,2026-05-15 14:55:00+00:00,2026-05-15 17:00:18.197000+00:00,2026-05-16 19:49:05.006000+00:00,T02,Urgent,Web,Technical Issue,Resolved,2.09,28.9,4.0
TK00624,2026-05-15 18:48:00+00:00,2026-05-15 21:16:22.566000+00:00,2026-05-16 08:25:09.914000+00:00,T01,Medium,Web,Delivery Question,Resolved,2.47,13.62,5.0
TK00625,2026-07-11 14:46:00+00:00,2026-07-11 17:39:04.626000+00:00,2026-07-13 05:19:22.099000+00:00,T03,High,Phone,Billing Query,Resolved,2.88,38.56,3.0
TK00626,2026-06-06 11:20:00+00:00,2026-06-06 13:29:43.570000+00:00,2026-06-07 01:26:49.686000+00:00,T02,High,Chat,Technical Issue,Resolved,2.16,14.11,5.0
TK00627,2026-06-01 09:33:00+00:00,2026-06-01 14:03:58.830000+00:00,,T03,Low,Web,Billing Query,Open,4.52,,
TK00628,2026-07-23 12:32:00+00:00,2026-07-23 16:19:17.916000+00:00,,T01,Low,Email,Technical Issue,Pending,3.79,,
TK00629,2026-05-06 09:07:00+00:00,2026-05-06 13:09:19.890000+00:00,2026-05-07 15:19:48.521000+00:00,T03,Medium,Phone,Billing Query,Resolved,4.04,30.21,4.0
TK00630,2026-07-21 16:14:00+00:00,2026-07-21 21:18:14.309000+00:00,2026-07-22 13:12:45.564000+00:00,T01,Low,Email,Delivery Question,Resolved,5.07,20.98,4.0
TK00631,2026-06-15 15:19:00+00:00,2026-06-15 20:24:04.223000+00:00,2026-06-18 07:49:00.885000+00:00,T02,Medium,Email,Technical Issue,Resolved,5.08,64.5,3.0
TK00632,2026-07-09 09:44:00+00:00,2026-07-09 12:09:16.270000+00:00,2026-07-10 23:38:57.055000+00:00,T01,Medium,Phone,Technical Issue,Resolved,2.42,37.92,4.0
TK00633,2026-07-23 15:12:00+00:00,2026-07-23 19:18:24.540000+00:00,2026-07-24 02:19:07.407000+00:00,T01,Medium,Web,Account Access,Resolved,4.11,11.12,4.0
TK00634,2026-06-21 18:46:00+00:00,2026-06-21 21:15:23.114000+00:00,2026-06-23 23:03:45.093000+00:00,T02,Medium,Chat,Technical Issue,Resolved,2.49,52.3,4.0
TK00635,2026-07-09 10:12:00+00:00,2026-07-09 13:25:00.106000+00:00,2026-07-10 20:39:26.231000+00:00,T03,High,Chat,Billing Query,Resolved,3.22,34.46,4.0
TK00636,2026-05-28 10:07:00+00:00,2026-05-28 12:31:29.590000+00:00,,T02,High,Email,Technical Issue,Open,2.41,,
TK00637,2026-07-21 10:27:00+00:00,2026-07-21 12:47:06.406000+00:00,2026-07-21 23:10:45.359000+00:00,T01,High,Chat,Delivery Question,Resolved,2.34,12.73,5.0
TK00638,2026-06-21 17:38:00+00:00,2026-06-21 19:45:17.173000+00:00,2026-06-22 09:04:09.029000+00:00,T01,High,Chat,Account Access,Resolved,2.12,15.44,4.0
TK00639,2026-07-18 08:31:00+00:00,2026-07-18 11:50:18.543000+00:00,2026-07-20 12:11:48.731000+00:00,T02,Medium,Email,Technical Issue,Resolved,3.32,51.68,3.0
TK00640,2026-05-18 18:04:00+00:00,2026-05-18 20:42:35.790000+00:00,2026-05-19 21:04:46.580000+00:00,T04,High,Phone,Delivery Question,Resolved,2.64,27.01,5.0
TK00641,2026-06-02 14:15:00+00:00,2026-06-02 16:59:55.185000+00:00,2026-06-03 20:07:43.716000+00:00,T02,High,Email,Technical Issue,Resolved,2.75,29.88,5.0
TK00642,2026-06-18 15:02:00+00:00,2026-06-18 21:07:41.483000+00:00,2026-06-20 13:31:38.882000+00:00,T04,Medium,Chat,Delivery Question,Resolved,6.09,46.49,3.0
TK00643,2026-05-11 10:14:00+00:00,2026-05-11 15:39:51.110000+00:00,2026-05-13 19:36:56.523000+00:00,T03,Low,Chat,Billing Query,Resolved,5.43,57.38,3.0
TK00644,2026-06-13 08:24:00+00:00,2026-06-13 10:37:25.238000+00:00,2026-06-14 11:00:40.171000+00:00,T02,High,Email,Technical Issue,Resolved,2.22,26.61,4.0
TK00645,2026-07-26 18:38:00+00:00,2026-07-27 02:09:25.083000+00:00,,T03,Low,Email,Billing Query,Open,7.52,,
TK00646,2026-06-11 13:55:00+00:00,2026-06-11 16:43:04.833000+00:00,2026-06-13 01:03:26.814000+00:00,T03,Medium,Chat,Billing Query,Resolved,2.8,35.14,5.0
TK00647,2026-06-08 12:42:00+00:00,2026-06-08 14:43:34.046000+00:00,2026-06-10 01:05:05.282000+00:00,T04,High,Chat,Billing Query,Resolved,2.03,36.38,5.0
TK00648,2026-05-05 10:22:00+00:00,2026-05-05 14:56:35.633000+00:00,2026-05-06 18:44:15.277000+00:00,T03,Medium,Email,Billing Query,Resolved,4.58,32.37,2.0
TK00649,2026-06-24 12:36:00+00:00,2026-06-24 14:33:55.261000+00:00,2026-06-26 13:25:47.602000+00:00,T04,Medium,Chat,Delivery Question,Resolved,1.97,48.83,4.0
TK00650,2026-06-09 09:16:00+00:00,2026-06-09 11:35:57.121000+00:00,2026-06-10 05:16:29.679000+00:00,T02,High,Email,Technical Issue,Resolved,2.33,20.01,5.0
TK00651,2026-06-01 12:31:00+00:00,2026-06-01 21:03:14.861000+00:00,2026-06-03 08:08:04.552000+00:00,T03,Medium,Web,Cancellation,Resolved,8.54,43.62,2.0
TK00652,2026-06-07 12:54:00+00:00,2026-06-07 18:38:55.955000+00:00,2026-06-08 23:40:56.568000+00:00,T03,Medium,Web,Delivery Question,Resolved,5.75,34.78,3.0
TK00653,2026-07-10 17:04:00+00:00,2026-07-10 19:01:18.192000+00:00,2026-07-11 07:05:21.378000+00:00,T01,Medium,Chat,Delivery Question,Resolved,1.96,14.02,4.0
TK00654,2026-07-12 17:43:00+00:00,2026-07-12 20:37:32.584000+00:00,2026-07-13 08:47:17.422000+00:00,T01,High,Web,Delivery Question,Resolved,2.91,15.07,5.0
TK00655,2026-06-17 10:40:00+00:00,2026-06-17 13:20:46.677000+00:00,,T02,High,Phone,Technical Issue,Pending,2.68,,
TK00656,2026-05-05 14:13:00+00:00,2026-05-05 23:07:11.043000+00:00,,T03,Low,Web,Billing Query,Open,8.9,,
TK00657,2026-07-01 17:40:00+00:00,2026-07-01 22:49:28.926000+00:00,,T01,Medium,Chat,Delivery Question,Open,5.16,,
TK00658,2026-06-30 15:12:00+00:00,2026-06-30 17:37:44.322000+00:00,,T03,Medium,Phone,Billing Query,Pending,2.43,,
TK00659,2026-05-19 11:44:00+00:00,2026-05-19 16:45:55.648000+00:00,2026-05-21 03:36:13.886000+00:00,T02,Low,Email,Technical Issue,Resolved,5.03,39.87,3.0
TK00660,2026-07-18 13:26:00+00:00,2026-07-18 18:16:03.986000+00:00,2026-07-20 04:40:47.167000+00:00,T02,Medium,Email,Technical Issue,Resolved,4.83,39.25,3.0
TK00661,2026-06-21 08:17:00+00:00,2026-06-21 12:50:51.655000+00:00,2026-06-22 07:24:15.373000+00:00,T04,Medium,Email,Cancellation,Resolved,4.56,23.12,4.0
TK00662,2026-07-20 15:13:00+00:00,2026-07-20 17:32:36.713000+00:00,2026-07-21 06:02:43.176000+00:00,T01,Medium,Phone,Delivery Question,Resolved,2.33,14.83,5.0
TK00663,2026-06-27 14:32:00+00:00,2026-06-27 19:24:38.696000+00:00,2026-06-28 23:23:36.702000+00:00,T03,Urgent,Web,Billing Query,Resolved,4.88,32.86,2.0
TK00664,2026-07-20 18:25:00+00:00,2026-07-20 20:48:47.799000+00:00,2026-07-22 20:32:08.392000+00:00,T02,Medium,Email,Technical Issue,Resolved,2.4,50.12,4.0
TK00665,2026-05-22 08:14:00+00:00,2026-05-22 09:50:24.795000+00:00,,T01,High,Chat,Account Access,Open,1.61,,
TK00666,2026-07-23 18:53:00+00:00,2026-07-23 22:04:29.443000+00:00,2026-07-26 19:20:05.868000+00:00,T02,Medium,Web,Technical Issue,Resolved,3.19,72.45,3.0
TK00667,2026-06-12 17:49:00+00:00,2026-06-13 00:55:39.568000+00:00,2026-06-13 20:57:19.579000+00:00,T01,Medium,Web,Account Access,Resolved,7.11,27.14,4.0
TK00668,2026-06-20 11:17:00+00:00,2026-06-20 15:12:29.219000+00:00,2026-06-23 11:14:35.401000+00:00,T03,Low,Email,Delivery Question,Resolved,3.92,71.96,5.0
TK00669,2026-07-03 10:40:00+00:00,2026-07-03 13:24:37.416000+00:00,2026-07-04 03:26:13.516000+00:00,T01,Medium,Chat,Delivery Question,Resolved,2.74,16.77,4.0
TK00670,2026-07-22 15:05:00+00:00,2026-07-22 20:31:36.022000+00:00,,T01,Medium,Email,Account Access,Open,5.44,,
TK00671,2026-07-11 18:20:00+00:00,2026-07-11 21:09:16.048000+00:00,,T01,Low,Chat,Delivery Question,Open,2.82,,
TK00672,2026-06-03 16:53:00+00:00,2026-06-04 01:27:43.450000+00:00,2026-06-05 03:49:04.290000+00:00,T03,Medium,Email,Cancellation,Resolved,8.58,34.93,3.0
TK00673,2026-06-08 16:38:00+00:00,2026-06-08 19:45:51.239000+00:00,2026-06-10 02:27:24.962000+00:00,T03,High,Chat,Cancellation,Resolved,3.13,33.82,3.0
TK00674,2026-05-17 09:15:00+00:00,2026-05-17 13:34:43.508000+00:00,2026-05-18 10:43:05.049000+00:00,T04,High,Chat,Delivery Question,Resolved,4.33,25.47,5.0
TK00675,2026-05-10 11:27:00+00:00,2026-05-10 14:33:37.960000+00:00,2026-05-11 23:17:04.221000+00:00,T02,Medium,Email,Technical Issue,Resolved,3.11,35.83,4.0
TK00676,2026-07-01 14:29:00+00:00,2026-07-01 20:28:51.931000+00:00,2026-07-05 07:34:24.818000+00:00,T04,Low,Chat,Delivery Question,Resolved,6.0,89.09,4.0
TK00677,2026-06-09 12:18:00+00:00,2026-06-09 15:49:39.968000+00:00,2026-06-11 00:28:57.414000+00:00,T03,High,Web,Billing Query,Resolved,3.53,36.18,4.0
TK00678,2026-07-03 18:36:00+00:00,2026-07-03 20:37:47.419000+00:00,2026-07-05 00:16:36.923000+00:00,T02,High,Email,Account Access,Resolved,2.03,29.68,5.0
TK00679,2026-06-19 16:09:00+00:00,2026-06-19 18:22:39.291000+00:00,2026-06-20 11:35:13.261000+00:00,T01,High,Phone,Delivery Question,Resolved,2.23,19.44,4.0
TK00680,2026-05-28 10:00:00+00:00,2026-05-28 14:04:59.698000+00:00,2026-05-31 00:03:55.731000+00:00,T02,Low,Email,Technical Issue,Resolved,4.08,62.07,3.0
TK00681,2026-05-24 13:50:00+00:00,2026-05-24 17:07:26.026000+00:00,2026-05-27 11:15:26.400000+00:00,T02,Medium,Web,Technical Issue,Resolved,3.29,69.42,2.0
TK00682,2026-06-30 10:54:00+00:00,2026-06-30 23:45:10.855000+00:00,2026-07-01 13:27:55.039000+00:00,T01,Low,Email,Delivery Question,Resolved,12.85,26.57,2.0
TK00683,2026-07-21 13:34:00+00:00,2026-07-21 17:26:13.589000+00:00,2026-07-24 11:18:33.031000+00:00,T03,Medium,Chat,Billing Query,Resolved,3.87,69.74,2.0
TK00684,2026-05-27 11:03:00+00:00,2026-05-27 13:38:03.903000+00:00,2026-05-28 13:41:53.048000+00:00,T01,Medium,Chat,Technical Issue,Resolved,2.58,26.65,4.0
TK00685,2026-05-07 15:51:00+00:00,2026-05-07 23:32:19.977000+00:00,2026-05-08 13:31:16.263000+00:00,T03,Medium,Email,Cancellation,Resolved,7.69,21.67,5.0
TK00686,2026-05-25 12:57:00+00:00,2026-05-25 15:03:13.892000+00:00,2026-05-26 23:52:06.328000+00:00,T01,Medium,Chat,Technical Issue,Resolved,2.1,34.92,3.0
TK00687,2026-07-24 17:28:00+00:00,2026-07-24 19:00:44.307000+00:00,2026-07-26 00:35:55.707000+00:00,T02,High,Chat,Technical Issue,Resolved,1.55,31.13,3.0
TK00688,2026-06-14 08:23:00+00:00,2026-06-14 12:18:46.748000+00:00,2026-06-16 07:59:04.571000+00:00,T02,Low,Chat,Technical Issue,Resolved,3.93,47.6,2.0
TK00689,2026-07-22 13:00:00+00:00,2026-07-22 16:03:34.685000+00:00,2026-07-23 04:13:22.781000+00:00,T01,Low,Web,Account Access,Resolved,3.06,15.22,4.0
TK00690,2026-07-13 13:36:00+00:00,2026-07-13 15:54:27.284000+00:00,2026-07-14 10:41:50.205000+00:00,T02,Medium,Chat,Account Access,Resolved,2.31,21.1,5.0
TK00691,2026-05-30 13:56:00+00:00,2026-05-30 15:52:20.571000+00:00,2026-05-30 19:22:35.048000+00:00,T01,Urgent,Web,Account Access,Resolved,1.94,5.44,4.0
TK00692,2026-06-23 08:52:00+00:00,2026-06-23 15:06:14.832000+00:00,2026-06-24 12:23:33.979000+00:00,T01,Low,Email,Delivery Question,Resolved,6.24,27.53,2.0
TK00693,2026-07-24 08:30:00+00:00,2026-07-24 12:43:04.268000+00:00,,T02,Medium,Email,Technical Issue,Open,4.22,,
TK00694,2026-05-13 14:07:00+00:00,2026-05-13 15:31:03.482000+00:00,2026-05-14 07:28:46.089000+00:00,T01,High,Phone,Billing Query,Resolved,1.4,17.36,5.0
TK00695,2026-05-30 16:08:00+00:00,2026-05-30 19:30:09.149000+00:00,2026-06-01 00:05:56.605000+00:00,T02,Medium,Email,Technical Issue,Resolved,3.37,31.97,4.0
TK00696,2026-07-22 11:34:00+00:00,2026-07-22 14:30:41.110000+00:00,,T01,Urgent,Email,Delivery Question,Pending,2.94,,
TK00697,2026-07-12 14:09:00+00:00,2026-07-12 16:46:16.581000+00:00,2026-07-14 10:07:22.585000+00:00,T02,Low,Phone,Account Access,Resolved,2.62,43.97,4.0
TK00698,2026-07-16 09:42:00+00:00,2026-07-16 13:39:20.819000+00:00,,T02,Low,Chat,Technical Issue,Open,3.96,,
TK00699,2026-05-30 11:53:00+00:00,2026-05-30 14:32:33.800000+00:00,2026-06-01 16:02:16.239000+00:00,T02,Low,Chat,Technical Issue,Resolved,2.66,52.15,4.0
TK00700,2026-06-22 11:29:00+00:00,2026-06-22 16:16:13.966000+00:00,2026-06-24 17:04:36.496000+00:00,T02,Medium,Email,Technical Issue,Resolved,4.79,53.59,3.0
TK00701,2026-07-17 10:49:00+00:00,2026-07-17 13:27:30.690000+00:00,2026-07-17 20:43:24.951000+00:00,T01,High,Web,Account Access,Resolved,2.64,9.91,5.0
TK00702,2026-05-07 13:53:00+00:00,2026-05-07 19:16:10.506000+00:00,2026-05-09 03:15:58.445000+00:00,T03,High,Email,Billing Query,Resolved,5.39,37.38,3.0
TK00703,2026-06-14 10:52:00+00:00,2026-06-14 13:13:25.301000+00:00,2026-06-15 06:00:02.802000+00:00,T01,Medium,Chat,Delivery Question,Resolved,2.36,19.13,5.0
TK00704,2026-07-19 15:54:00+00:00,2026-07-19 21:50:00.499000+00:00,2026-07-21 19:09:04.033000+00:00,T03,Medium,Email,Billing Query,Resolved,5.93,51.25,3.0
TK00705,2026-05-26 11:16:00+00:00,2026-05-26 12:21:24.745000+00:00,2026-05-27 02:24:28.843000+00:00,T01,High,Chat,Delivery Question,Resolved,1.09,15.14,5.0
TK00706,2026-07-26 16:37:00+00:00,2026-07-26 20:10:38.217000+00:00,2026-07-27 19:14:34.450000+00:00,T01,Medium,Chat,Delivery Question,Resolved,3.56,26.63,4.0
TK00707,2026-07-09 14:32:00+00:00,2026-07-09 18:28:21.956000+00:00,2026-07-12 03:56:01.395000+00:00,T02,Medium,Email,Technical Issue,Resolved,3.94,61.4,3.0
TK00708,2026-06-11 18:03:00+00:00,2026-06-11 23:18:13.790000+00:00,2026-06-13 10:57:09.091000+00:00,T03,Medium,Email,Billing Query,Resolved,5.25,40.9,3.0
TK00709,2026-06-27 11:30:00+00:00,2026-06-27 18:22:14.006000+00:00,2026-06-30 03:18:04.256000+00:00,T04,Medium,Email,Cancellation,Resolved,6.87,63.8,2.0
TK00710,2026-06-06 18:38:00+00:00,2026-06-06 21:14:19.942000+00:00,2026-06-07 23:53:22.246000+00:00,T02,High,Web,Technical Issue,Resolved,2.61,29.26,5.0
TK00711,2026-07-26 12:48:00+00:00,2026-07-26 17:00:30.978000+00:00,2026-07-26 22:37:46.157000+00:00,T01,Medium,Chat,Account Access,Resolved,4.21,9.83,4.0
TK00712,2026-06-16 08:18:00+00:00,2026-06-16 12:59:32.673000+00:00,2026-06-17 03:55:03.904000+00:00,T01,Medium,Chat,Account Access,Resolved,4.69,19.62,4.0
TK00713,2026-07-19 18:08:00+00:00,2026-07-19 19:32:13.972000+00:00,2026-07-21 19:17:59.514000+00:00,T02,Medium,Chat,Technical Issue,Resolved,1.4,49.17,5.0
TK00714,2026-06-11 15:31:00+00:00,2026-06-11 17:59:17.013000+00:00,2026-06-12 10:40:35.340000+00:00,T03,Medium,Email,Billing Query,Resolved,2.47,19.16,4.0
TK00715,2026-06-16 09:16:00+00:00,2026-06-16 14:33:17.578000+00:00,,T02,High,Web,Technical Issue,Pending,5.29,,
TK00716,2026-07-12 12:13:00+00:00,2026-07-12 16:16:23.317000+00:00,2026-07-15 01:13:00.017000+00:00,T04,Medium,Chat,Cancellation,Resolved,4.06,61.0,4.0
TK00717,2026-07-21 10:55:00+00:00,2026-07-21 13:57:25.835000+00:00,2026-07-22 04:27:04.833000+00:00,T01,Medium,Chat,Account Access,Resolved,3.04,17.53,5.0
TK00718,2026-07-22 08:37:00+00:00,2026-07-22 09:58:13.215000+00:00,,T02,High,Chat,Technical Issue,Pending,1.35,,
TK00719,2026-06-18 09:23:00+00:00,2026-06-18 12:22:26.596000+00:00,,T01,Urgent,Email,Delivery Question,Pending,2.99,,
TK00720,2026-07-16 12:24:00+00:00,,2026-07-17 11:22:28.448000+00:00,T01,High,Chat,Cancellation,Resolved,0.2,22.97,4.0
TK00721,2026-06-24 12:44:00+00:00,2026-06-24 18:45:42.862000+00:00,2026-06-28 12:28:44.854000+00:00,T02,Low,Email,Technical Issue,Resolved,6.03,95.75,2.0
TK00722,2026-06-05 11:30:00+00:00,2026-06-05 16:43:41.633000+00:00,2026-06-08 01:33:04.166000+00:00,T02,Medium,Web,Technical Issue,Resolved,5.23,62.05,3.0
TK00723,2026-05-21 17:29:00+00:00,2026-05-21 20:33:17.112000+00:00,2026-05-22 09:19:31.976000+00:00,T01,Low,Email,Account Access,Resolved,3.07,15.84,5.0
TK00724,2026-07-09 13:32:00+00:00,2026-07-09 22:27:49.135000+00:00,,T03,Medium,Email,Billing Query,Open,8.93,,
TK00725,2026-06-28 14:10:00+00:00,2026-06-28 18:29:02.972000+00:00,2026-06-29 01:44:51.877000+00:00,T03,High,Chat,Billing Query,Resolved,4.32,11.58,3.0
TK00726,2026-06-10 10:09:00+00:00,2026-06-10 13:53:12.944000+00:00,,T01,Low,Web,Account Access,Open,3.74,,
TK00727,2026-06-02 10:08:00+00:00,2026-06-02 11:57:40.940000+00:00,2026-06-05 01:09:11.055000+00:00,T02,Low,Chat,Technical Issue,Resolved,1.83,63.02,4.0
TK00728,2026-05-31 14:17:00+00:00,2026-05-31 17:10:10.721000+00:00,2026-06-02 23:26:25.233000+00:00,T04,Medium,Phone,Cancellation,Resolved,2.89,57.16,4.0
TK00729,2026-07-23 11:40:00+00:00,2026-07-23 12:55:51.597000+00:00,2026-07-25 07:53:00.797000+00:00,T02,Medium,Phone,Technical Issue,Resolved,1.26,44.22,4.0
TK00730,2026-06-14 15:43:00+00:00,2026-06-14 20:35:21.121000+00:00,2026-06-15 14:25:41.853000+00:00,T01,Medium,Email,Delivery Question,Resolved,4.87,22.71,3.0
TK00731,2026-05-05 14:20:00+00:00,2026-05-05 18:36:35.795000+00:00,,T02,Medium,Email,Technical Issue,Pending,4.28,,
TK00732,2026-06-18 12:45:00+00:00,2026-06-19 00:02:10.456000+00:00,2026-06-21 06:15:24.858000+00:00,T04,Medium,Email,Delivery Question,Resolved,11.29,65.51,3.0
TK00733,2026-05-27 10:53:00+00:00,2026-05-27 14:06:17.813000+00:00,2026-05-29 16:39:52.922000+00:00,T02,Medium,Email,Technical Issue,Resolved,3.22,53.78,3.0
TK00734,2026-07-25 10:33:00+00:00,2026-07-25 16:07:25.824000+00:00,2026-07-26 06:57:31.502000+00:00,T01,Medium,Web,Delivery Question,Resolved,5.57,20.41,5.0
TK00735,2026-05-28 08:39:00+00:00,2026-05-28 11:36:55.806000+00:00,2026-05-29 06:56:06.643000+00:00,T04,High,Email,Cancellation,Resolved,2.97,22.29,5.0
TK00736,2026-07-10 11:08:00+00:00,2026-07-10 14:13:48.018000+00:00,2026-07-10 19:01:02.926000+00:00,T01,High,Chat,Delivery Question,Resolved,3.1,7.88,5.0
TK00737,2026-07-11 14:46:00+00:00,2026-07-11 19:16:52.729000+00:00,2026-07-13 01:02:16.755000+00:00,T03,Medium,Email,Cancellation,Resolved,4.51,34.27,3.0
TK00738,2026-06-16 16:34:00+00:00,2026-06-17 05:38:14.609000+00:00,2026-06-18 10:41:49.858000+00:00,T04,Medium,Web,Delivery Question,Resolved,13.07,42.13,4.0
TK00739,2026-06-16 18:31:00+00:00,2026-06-16 19:54:33.697000+00:00,2026-06-17 16:27:23.369000+00:00,T02,Urgent,Chat,Account Access,Resolved,1.39,21.94,5.0
TK00740,2026-06-04 17:33:00+00:00,2026-06-04 20:59:50.146000+00:00,2026-06-07 11:47:23.455000+00:00,T02,Low,Email,Technical Issue,Resolved,3.45,66.24,3.0
TK00741,2026-06-30 14:58:00+00:00,2026-06-30 19:04:12.491000+00:00,2026-07-03 06:42:14.195000+00:00,T02,Medium,Email,Technical Issue,Resolved,4.1,63.74,2.0
TK00742,2026-05-12 18:21:00+00:00,2026-05-12 19:31:28.043000+00:00,,T01,High,Chat,Technical Issue,Open,1.17,,
TK00743,2026-05-09 08:17:00+00:00,2026-05-09 10:52:09.097000+00:00,2026-05-10 22:53:30.216000+00:00,T03,High,Phone,Billing Query,Resolved,2.59,38.61,4.0
TK00744,2026-06-23 16:40:00+00:00,2026-06-23 18:20:51.404000+00:00,,T02,High,Chat,Technical Issue,Open,1.68,,
TK00745,2026-07-03 09:33:00+00:00,2026-07-03 12:44:13.284000+00:00,2026-07-06 10:52:42.862000+00:00,T02,Medium,Email,Technical Issue,Resolved,3.19,73.33,3.0
TK00746,2026-05-27 12:39:00+00:00,2026-05-27 23:39:55.943000+00:00,2026-05-29 09:06:40.272000+00:00,T03,Medium,Web,Cancellation,Resolved,11.02,44.46,3.0
TK00747,2026-07-21 16:27:00+00:00,2026-07-21 20:13:40.315000+00:00,2026-07-22 02:24:51.557000+00:00,T01,Medium,Web,Account Access,Resolved,3.78,9.96,5.0
TK00748,2026-07-11 10:12:00+00:00,2026-07-11 12:37:11.460000+00:00,2026-07-13 15:33:57.391000+00:00,T02,Medium,Web,Technical Issue,Resolved,2.42,53.37,4.0
TK00749,2026-07-14 17:54:00+00:00,2026-07-14 20:04:22.374000+00:00,2026-07-15 10:41:19.395000+00:00,T01,High,Chat,Account Access,Resolved,2.17,16.79,5.0
TK00750,2026-06-06 17:25:00+00:00,2026-06-06 21:34:05.885000+00:00,2026-06-07 20:34:19.086000+00:00,T01,Medium,Email,Cancellation,Resolved,4.15,27.16,3.0
TK00751,2026-06-07 14:26:00+00:00,2026-06-07 17:54:04.250000+00:00,,T03,Medium,Web,Billing Query,Pending,3.47,,
TK00752,2026-05-27 08:50:00+00:00,2026-05-27 12:55:51.762000+00:00,2026-05-27 17:26:30.942000+00:00,T01,Medium,Email,Account Access,Resolved,4.1,8.61,4.0
TK00753,2026-06-15 15:11:00+00:00,2026-06-15 19:55:42.495000+00:00,2026-06-17 14:44:11.944000+00:00,T03,Medium,Email,Billing Query,Resolved,4.75,47.55,2.0
TK00754,2026-07-15 10:55:00+00:00,2026-07-15 13:56:30.285000+00:00,2026-07-17 17:10:05.742000+00:00,T03,Medium,Phone,Billing Query,Resolved,3.03,54.25,2.0
TK00755,2026-05-14 18:50:00+00:00,2026-05-14 21:01:31.366000+00:00,2026-05-15 03:18:09.219000+00:00,T01,High,Chat,Account Access,Resolved,2.19,8.47,4.0
TK00756,2026-07-14 16:21:00+00:00,2026-07-14 19:51:06.050000+00:00,2026-07-15 02:57:37.276000+00:00,T01,High,Web,Delivery Question,Resolved,3.5,10.61,4.0
TK00757,2026-05-18 11:43:00+00:00,2026-05-18 16:53:55.984000+00:00,,T04,Medium,Chat,Cancellation,Pending,5.18,,
TK00758,2026-05-04 09:20:00+00:00,2026-05-04 16:04:53.820000+00:00,2026-05-06 16:02:07.140000+00:00,T03,Low,Web,Cancellation,Resolved,6.75,54.7,3.0
TK00759,2026-06-10 08:34:00+00:00,2026-06-10 12:19:09.017000+00:00,2026-06-12 15:14:56.701000+00:00,T02,Medium,Email,Technical Issue,Resolved,3.75,54.68,3.0
TK00760,2026-06-05 13:30:00+00:00,2026-06-05 19:42:16.503000+00:00,2026-06-07 08:32:17.398000+00:00,T03,Medium,Email,Billing Query,Resolved,6.2,43.04,3.0
TK00761,2026-06-29 14:42:00+00:00,2026-06-29 18:26:51.258000+00:00,2026-07-03 20:38:08.540000+00:00,T02,Low,Web,Technical Issue,Resolved,3.75,101.94,3.0
TK00762,2026-06-01 09:24:00+00:00,2026-06-01 16:47:20.213000+00:00,2026-06-03 06:45:36.661000+00:00,T04,Low,Web,Delivery Question,Resolved,7.39,45.36,5.0
TK00763,2026-06-24 09:40:00+00:00,2026-06-24 15:28:37.117000+00:00,2026-06-27 09:21:12.811000+00:00,T02,Medium,Email,Technical Issue,Resolved,5.81,71.69,3.0
TK00764,2026-06-11 10:10:00+00:00,2026-06-11 11:53:59.508000+00:00,2026-06-13 01:17:47.851000+00:00,T02,High,Web,Technical Issue,Resolved,1.73,39.13,5.0
TK00765,2026-05-12 09:16:00+00:00,2026-05-12 13:06:31.749000+00:00,2026-05-12 18:13:39.888000+00:00,T01,Medium,Web,Delivery Question,Resolved,3.84,8.96,5.0
TK00766,2026-06-04 11:00:00+00:00,2026-06-04 14:56:34.020000+00:00,2026-06-05 14:11:52.490000+00:00,T01,Low,Chat,Delivery Question,Resolved,3.94,27.2,4.0
TK00767,2026-05-25 16:15:00+00:00,2026-05-25 17:41:04.005000+00:00,2026-05-26 09:43:18.168000+00:00,T01,Low,Phone,Account Access,Resolved,1.43,17.47,5.0
TK00768,2026-07-26 18:35:00+00:00,2026-07-27 00:03:25.671000+00:00,2026-07-28 05:14:09.622000+00:00,T04,High,Email,Delivery Question,Resolved,5.47,34.65,4.0
TK00769,2026-07-08 13:33:00+00:00,2026-07-08 17:34:32.432000+00:00,2026-07-10 13:52:17.077000+00:00,T02,Medium,Web,Technical Issue,Resolved,4.03,48.32,2.0
TK00770,2026-05-04 12:59:00+00:00,2026-05-04 17:30:44.414000+00:00,2026-05-06 01:23:55.465000+00:00,T03,Low,Chat,Billing Query,Resolved,4.53,36.42,1.0
TK00771,2026-06-22 18:34:00+00:00,2026-06-23 00:40:16.027000+00:00,,T03,High,Email,Billing Query,Open,6.1,,
TK00772,2026-07-24 10:54:00+00:00,2026-07-24 14:54:35.311000+00:00,2026-07-25 00:33:39.419000+00:00,T01,Medium,Web,Delivery Question,Resolved,4.01,13.66,3.0
TK00773,2026-06-01 18:55:00+00:00,2026-06-01 21:50:48.979000+00:00,2026-06-02 11:36:59.352000+00:00,T03,High,Phone,Delivery Question,Resolved,2.93,16.7,5.0
TK00774,2026-06-11 12:12:00+00:00,2026-06-11 20:50:54.373000+00:00,,T04,Medium,Email,Delivery Question,Open,8.65,,
TK00775,2026-07-16 10:09:00+00:00,2026-07-16 11:40:53.790000+00:00,,T01,Low,Phone,Delivery Question,Pending,1.53,,
TK00776,2026-05-10 18:08:00+00:00,2026-05-10 20:20:51.750000+00:00,2026-05-12 04:39:48.711000+00:00,T01,Medium,Chat,Billing Query,Resolved,2.21,34.53,4.0
TK00777,2026-06-12 11:19:00+00:00,2026-06-12 15:56:43.465000+00:00,2026-06-14 04:00:28.916000+00:00,T03,High,Email,Billing Query,Resolved,4.63,40.69,3.0
TK00778,2026-05-06 11:22:00+00:00,2026-05-06 16:27:36.846000+00:00,2026-05-08 06:20:02.482000+00:00,T04,High,Email,Cancellation,Resolved,5.09,42.97,4.0
TK00779,2026-06-25 11:48:00+00:00,2026-06-25 13:46:07.493000+00:00,2026-06-25 16:18:48.653000+00:00,T01,Urgent,Web,Delivery Question,Resolved,1.97,4.51,4.0
TK00780,2026-07-23 09:59:00+00:00,2026-07-23 12:36:50.411000+00:00,,T02,Low,Chat,Technical Issue,Open,2.63,,
TK00781,2026-06-11 08:23:00+00:00,2026-06-11 12:08:46.497000+00:00,2026-06-11 21:40:00.507000+00:00,T03,Urgent,Email,Billing Query,Resolved,3.76,13.28,5.0
TK00782,2026-06-26 17:25:00+00:00,2026-06-26 21:06:23.235000+00:00,2026-07-01 22:47:30.338000+00:00,T02,Low,Chat,Technical Issue,Resolved,3.69,125.38,4.0
TK00783,2026-05-30 08:27:00+00:00,2026-05-30 18:22:26.098000+00:00,2026-05-31 17:09:10.620000+00:00,T03,Low,Web,Delivery Question,Resolved,9.92,32.7,3.0
TK00784,2026-06-18 17:17:00+00:00,2026-06-19 04:18:11.053000+00:00,2026-06-21 01:36:11.251000+00:00,T04,Low,Web,Cancellation,Resolved,11.02,56.32,3.0
TK00785,2026-05-21 10:39:00+00:00,2026-05-21 12:22:42.397000+00:00,2026-05-21 17:53:35.687000+00:00,T01,High,Chat,Account Access,Resolved,1.73,7.24,5.0
TK00786,2026-06-08 12:02:00+00:00,2026-06-08 16:04:18.883000+00:00,2026-06-10 00:39:50.570000+00:00,T03,Medium,Web,Billing Query,Resolved,4.04,36.63,3.0
TK00787,2026-06-23 14:21:00+00:00,2026-06-23 18:54:28.530000+00:00,,T04,Urgent,Web,Delivery Question,Pending,4.56,,
TK00788,2026-05-09 15:22:00+00:00,2026-05-10 00:35:31.126000+00:00,2026-05-12 01:37:24.536000+00:00,T04,Medium,Email,Technical Issue,Resolved,9.23,58.26,3.0
TK00789,2026-06-09 18:10:00+00:00,2026-06-09 22:31:08.134000+00:00,,T03,Medium,Email,Billing Query,Open,4.35,,
TK00790,2026-06-08 13:17:00+00:00,2026-06-08 14:43:28.275000+00:00,2026-06-10 09:38:21.539000+00:00,T02,High,Phone,Technical Issue,Resolved,1.44,44.36,4.0
TK00791,2026-05-23 09:56:00+00:00,2026-05-23 15:29:54.674000+00:00,,T03,Medium,Email,Billing Query,Open,5.57,,
TK00792,2026-07-14 14:24:00+00:00,2026-07-14 20:51:53.925000+00:00,2026-07-16 01:34:11.439000+00:00,T03,Medium,Web,Delivery Question,Resolved,6.46,35.17,4.0
TK00793,2026-05-27 08:38:00+00:00,2026-05-27 10:47:45.387000+00:00,2026-05-27 15:56:42.340000+00:00,T01,High,Chat,Delivery Question,Resolved,2.16,7.31,5.0
TK00794,2026-05-05 14:15:00+00:00,2026-05-05 22:09:55.377000+00:00,,T04,Low,Web,Cancellation,Open,7.92,,
TK00795,2026-05-16 12:22:00+00:00,2026-05-16 14:41:45.812000+00:00,2026-05-17 14:43:00.249000+00:00,T02,Urgent,Email,Technical Issue,Resolved,2.33,26.35,5.0
TK00796,2026-05-31 13:10:00+00:00,2026-05-31 13:29:46.207000+00:00,2026-05-31 20:41:03.306000+00:00,T01,Urgent,Phone,Account Access,Resolved,0.33,7.52,4.0
TK00797,2026-05-22 13:15:00+00:00,2026-05-22 17:04:42.332000+00:00,2026-05-24 19:32:33.686000+00:00,T02,Medium,Web,Technical Issue,Resolved,3.83,54.29,3.0
TK00798,2026-06-10 15:31:00+00:00,2026-06-10 16:54:28.065000+00:00,2026-06-11 00:14:08.821000+00:00,T01,Urgent,Email,Account Access,Resolved,1.39,8.72,5.0
TK00799,2026-06-08 08:02:00+00:00,2026-06-08 14:23:51.684000+00:00,2026-06-08 22:21:05.367000+00:00,T01,Low,Email,Account Access,Resolved,6.36,14.32,3.0
TK00800,2026-06-07 08:22:00+00:00,2026-06-07 12:33:37.608000+00:00,2026-06-09 10:28:24.678000+00:00,T02,Low,Email,Technical Issue,Resolved,4.19,50.11,3.0
TK00801,2026-05-18 17:25:00+00:00,2026-05-18 23:16:16.112000+00:00,2026-05-21 07:46:34.500000+00:00,T04,Medium,Chat,Cancellation,Resolved,5.85,62.36,3.0
TK00802,2026-06-29 16:08:00+00:00,2026-06-29 19:52:38.197000+00:00,2026-07-01 05:51:19.587000+00:00,T02,High,Web,Technical Issue,Resolved,3.74,37.72,2.0
TK00803,2026-05-27 10:43:00+00:00,2026-05-27 13:02:46.961000+00:00,2026-05-28 14:07:23.226000+00:00,T02,High,Email,Technical Issue,Resolved,2.33,27.41,5.0
TK00804,2026-06-24 09:22:00+00:00,2026-06-24 13:16:41.432000+00:00,2026-06-28 23:03:26.342000+00:00,T02,Low,Chat,Technical Issue,Resolved,3.91,109.69,2.0
TK00805,2026-07-23 08:20:00+00:00,2026-07-23 12:01:03.181000+00:00,2026-07-24 14:10:46.004000+00:00,T01,Low,Chat,Cancellation,Resolved,3.68,29.85,4.0
TK00806,2026-05-14 14:08:00+00:00,2026-05-14 15:17:59.595000+00:00,2026-05-14 20:29:57.208000+00:00,T01,High,Chat,Account Access,Resolved,1.17,6.37,5.0
TK00807,2026-06-27 18:56:00+00:00,2026-06-28 01:09:03.010000+00:00,2026-06-28 18:34:20.520000+00:00,T01,Medium,Email,Account Access,Resolved,6.22,23.64,4.0
TK00808,2026-07-25 14:38:00+00:00,2026-07-25 18:35:58.791000+00:00,2026-07-27 07:04:04.828000+00:00,T02,High,Email,Technical Issue,Resolved,3.97,40.43,3.0
TK00809,2026-06-18 14:21:00+00:00,2026-06-18 18:01:06.217000+00:00,2026-06-19 09:35:03.702000+00:00,T03,Urgent,Web,Delivery Question,Resolved,3.67,19.23,4.0
TK00810,2026-05-09 16:46:00+00:00,2026-05-09 20:09:53.881000+00:00,2026-05-10 15:15:09.100000+00:00,T02,High,Email,Technical Issue,Resolved,3.4,22.49,3.0
TK00811,2026-07-26 14:12:00+00:00,2026-07-26 15:37:14.502000+00:00,2026-07-27 19:40:00.645000+00:00,T02,High,Chat,Technical Issue,Resolved,1.42,29.47,5.0
TK00812,2026-07-17 14:50:00+00:00,2026-07-17 22:28:42.359000+00:00,2026-07-20 17:52:10.162000+00:00,T03,Low,Email,Billing Query,Resolved,7.65,75.04,3.0
TK00813,2026-05-20 13:25:00+00:00,2026-05-20 19:07:51.830000+00:00,,T01,Medium,Web,Delivery Question,Open,5.71,,
TK00814,2026-05-31 14:41:00+00:00,2026-05-31 17:33:44.279000+00:00,,T01,Low,Email,Billing Query,Open,2.88,,
TK00815,2026-05-14 13:47:00+00:00,2026-05-14 15:25:54.950000+00:00,2026-05-15 08:17:22.211000+00:00,T01,Medium,Chat,Technical Issue,Resolved,1.65,18.51,4.0
TK00816,2026-06-15 15:35:00+00:00,2026-06-15 17:34:08.838000+00:00,2026-06-16 07:25:10.208000+00:00,T01,High,Chat,Delivery Question,Resolved,1.99,15.84,3.0
TK00817,2026-05-11 17:22:00+00:00,2026-05-11 19:00:37.983000+00:00,,T01,Low,Web,Technical Issue,Open,1.64,,
TK00818,2026-05-10 18:38:00+00:00,2026-05-10 21:23:49.554000+00:00,2026-05-11 06:26:48.863000+00:00,T01,High,Email,Delivery Question,Resolved,2.76,11.81,5.0
TK00819,2026-05-25 15:27:00+00:00,2026-05-25 17:08:17.447000+00:00,2026-05-26 12:12:16.383000+00:00,T04,High,Web,Delivery Question,Resolved,1.69,20.75,3.0
TK00820,2026-07-07 17:23:00+00:00,2026-07-07 21:21:21.854000+00:00,2026-07-09 06:11:46.639000+00:00,T01,Medium,Web,Billing Query,Resolved,3.97,36.81,3.0
TK00821,2026-06-18 10:37:00+00:00,2026-06-18 13:09:11.540000+00:00,2026-06-19 17:33:14.276000+00:00,T04,Urgent,Phone,Technical Issue,Resolved,2.54,30.94,4.0
TK00822,2026-05-28 11:55:00+00:00,2026-05-28 16:38:43.504000+00:00,2026-05-29 13:06:14.486000+00:00,T03,High,Email,Delivery Question,Resolved,4.73,25.19,3.0
TK00823,2026-05-22 09:26:00+00:00,2026-05-22 16:36:11.323000+00:00,2026-05-24 03:30:48.123000+00:00,T04,Low,Email,Delivery Question,Resolved,7.17,42.08,5.0
TK00824,2026-06-14 11:26:00+00:00,2026-06-14 16:14:24.687000+00:00,2026-06-16 09:34:11.342000+00:00,T03,Medium,Chat,Billing Query,Resolved,4.81,46.14,2.0
TK00825,2026-07-21 15:25:00+00:00,2026-07-21 19:13:52.924000+00:00,2026-07-22 11:03:34.479000+00:00,T01,Low,Email,Account Access,Resolved,3.81,19.64,5.0
TK00826,2026-05-06 08:47:00+00:00,2026-05-06 13:43:28.949000+00:00,2026-05-08 04:48:37.991000+00:00,T04,Low,Chat,Cancellation,Resolved,4.94,44.03,4.0
TK00827,2026-06-20 12:56:00+00:00,2026-06-20 15:11:11.504000+00:00,2026-06-22 06:38:40.516000+00:00,T02,Medium,Chat,Technical Issue,Resolved,2.25,41.71,4.0
TK00828,2026-05-09 15:30:00+00:00,2026-05-09 17:34:48.362000+00:00,,T01,High,Web,Account Access,Open,2.08,,
TK00829,2026-06-26 12:37:00+00:00,2026-06-26 18:37:02.293000+00:00,2026-06-27 18:19:33.974000+00:00,T01,Low,Web,Account Access,Resolved,6.0,29.71,2.0
TK00830,2026-06-16 16:20:00+00:00,2026-06-17 00:21:57.360000+00:00,2026-06-17 21:00:02.424000+00:00,T04,Medium,Web,Cancellation,Resolved,8.03,28.67,4.0
TK00831,2026-05-13 11:02:00+00:00,2026-05-13 14:37:45.239000+00:00,,T02,Medium,Email,Technical Issue,Pending,3.6,,
TK00832,2026-05-04 09:59:00+00:00,2026-05-04 14:34:38.674000+00:00,2026-05-06 12:18:43.829000+00:00,T02,Medium,Email,Account Access,Resolved,4.59,50.33,3.0
TK00833,2026-06-04 08:46:00+00:00,2026-06-04 17:13:50.778000+00:00,2026-06-05 23:25:11.473000+00:00,T03,Low,Email,Delivery Question,Resolved,8.46,38.65,4.0
TK00834,2026-06-27 15:11:00+00:00,2026-06-27 23:41:52.843000+00:00,,T02,Low,Web,Technical Issue,Pending,8.51,,
TK00835,2026-06-26 13:49:00+00:00,2026-06-26 16:21:17.840000+00:00,2026-06-27 22:18:38.375000+00:00,T02,High,Chat,Technical Issue,Resolved,2.54,32.49,4.0
TK00836,2026-05-24 08:02:00+00:00,2026-05-24 13:30:44.022000+00:00,,T01,Low,Email,Account Access,Open,5.48,,
TK00837,2026-06-12 12:50:00+00:00,2026-06-12 16:49:40.630000+00:00,,T03,Medium,Chat,Billing Query,Open,3.99,,
TK00838,2026-05-28 18:41:00+00:00,2026-05-28 20:47:38.752000+00:00,2026-05-29 19:36:04.617000+00:00,T02,Urgent,Web,Technical Issue,Resolved,2.11,24.92,4.0
TK00839,2026-05-28 15:35:00+00:00,2026-05-28 17:37:28.310000+00:00,2026-05-29 12:16:38.432000+00:00,T01,High,Chat,Technical Issue,Resolved,2.04,20.69,4.0
TK00840,2026-06-23 08:01:00+00:00,2026-06-23 11:19:43.612000+00:00,2026-06-23 23:02:36.542000+00:00,T01,Medium,Phone,Delivery Question,Resolved,3.31,15.03,4.0
TK00841,2026-06-26 17:42:00+00:00,2026-06-26 22:29:36.037000+00:00,2026-06-26 22:59:36.037000+00:00,T01,Medium,Chat,Delivery Question,Resolved,4.79,5.29,4.0
TK00842,2026-05-07 12:52:00+00:00,2026-05-07 15:45:27.887000+00:00,,T04,Urgent,Email,Delivery Question,Open,2.89,,
TK00843,2026-06-12 14:35:00+00:00,2026-06-12 19:50:22.609000+00:00,2026-06-14 19:28:49.287000+00:00,T04,Medium,Chat,Cancellation,Resolved,5.26,52.9,2.0
TK00844,2026-07-03 16:53:00+00:00,2026-07-03 19:25:35.697000+00:00,2026-07-05 23:07:11.603000+00:00,T03,Medium,Chat,Cancellation,Resolved,2.54,54.24,4.0
TK00845,2026-06-06 16:52:00+00:00,2026-06-06 20:28:26.222000+00:00,2026-06-08 20:44:55.039000+00:00,T04,Medium,Chat,Cancellation,Resolved,3.61,51.88,3.0
TK00846,2026-07-01 10:11:00+00:00,2026-07-01 15:26:58.373000+00:00,2026-07-02 05:27:40.087000+00:00,T01,Medium,Chat,Account Access,Resolved,5.27,19.28,4.0
TK00847,2026-06-07 18:39:00+00:00,2026-06-08 00:33:34.029000+00:00,2026-06-10 08:46:02.809000+00:00,T03,Medium,Email,Billing Query,Resolved,5.91,62.12,3.0
TK00848,2026-06-25 18:13:00+00:00,2026-06-26 02:44:00.457000+00:00,2026-06-28 05:38:50.577000+00:00,T03,Medium,Web,Billing Query,Resolved,8.52,59.43,2.0
TK00849,2026-06-27 16:22:00+00:00,2026-06-27 20:14:49.181000+00:00,2026-06-30 07:50:55.392000+00:00,T03,Low,Chat,Delivery Question,Resolved,3.88,63.48,4.0
TK00850,2026-07-03 11:40:00+00:00,2026-07-03 20:28:22.941000+00:00,2026-07-08 06:11:56.601000+00:00,T04,Low,Web,Technical Issue,Resolved,8.81,114.53,3.0
TK00851,2026-05-18 18:50:00+00:00,2026-05-18 21:53:52.974000+00:00,2026-05-19 22:07:06.634000+00:00,T01,Low,Web,Delivery Question,Resolved,3.06,27.29,4.0
TK00852,2026-06-14 18:17:00+00:00,2026-06-14 20:11:33.682000+00:00,2026-06-16 15:08:34.678000+00:00,T03,Medium,Phone,Billing Query,Resolved,1.91,44.86,4.0
TK00853,2026-06-14 10:32:00+00:00,2026-06-14 12:04:55.210000+00:00,,T01,Low,Email,Account Access,Open,1.55,,
TK00854,2026-07-01 15:51:00+00:00,2026-07-01 19:30:08.276000+00:00,2026-07-02 16:35:41.802000+00:00,T01,Medium,Email,Delivery Question,Resolved,3.65,24.74,4.0
TK00855,2026-07-24 14:28:00+00:00,2026-07-24 15:52:47.985000+00:00,2026-07-25 10:24:48.974000+00:00,T04,Urgent,Chat,Cancellation,Resolved,1.41,19.95,4.0
TK00856,2026-06-02 11:20:00+00:00,2026-06-02 14:00:15.604000+00:00,,T02,Medium,Email,Technical Issue,Open,2.67,,
TK00857,2026-06-09 08:04:00+00:00,2026-06-09 11:01:26.528000+00:00,2026-06-11 17:13:29.118000+00:00,T03,Medium,Chat,Billing Query,Resolved,2.96,57.16,3.0
TK00858,2026-06-02 13:45:00+00:00,2026-06-02 18:04:53.001000+00:00,,T02,Low,Email,Technical Issue,Open,4.33,,
TK00859,2026-05-21 11:03:00+00:00,2026-05-21 14:24:19.215000+00:00,2026-05-22 19:11:47.952000+00:00,T04,Medium,Chat,Delivery Question,Resolved,3.36,32.15,4.0
TK00860,2026-05-20 15:14:00+00:00,2026-05-20 20:05:38.374000+00:00,2026-05-21 06:25:40.378000+00:00,T01,Medium,Email,Account Access,Resolved,4.86,15.19,4.0
TK00861,2026-05-26 16:51:00+00:00,2026-05-26 18:39:33.955000+00:00,2026-05-27 07:57:04.118000+00:00,T04,Urgent,Chat,Delivery Question,Resolved,1.81,15.1,5.0
TK00862,2026-06-17 09:31:00+00:00,2026-06-17 13:22:35.716000+00:00,,T04,High,Phone,Account Access,Pending,3.86,,
TK00863,2026-05-21 18:41:00+00:00,2026-05-21 21:17:50.957000+00:00,2026-05-23 12:39:28.626000+00:00,T04,High,Email,Cancellation,Resolved,2.61,41.97,4.0
TK00864,2026-05-05 11:16:00+00:00,2026-05-05 13:04:31.543000+00:00,2026-05-06 22:57:46.328000+00:00,T04,Urgent,Chat,Cancellation,Resolved,1.81,35.7,5.0
TK00865,2026-05-04 14:34:00+00:00,2026-05-04 16:08:24.561000+00:00,2026-05-06 01:38:57.336000+00:00,T02,Medium,Email,Account Access,Resolved,1.57,35.08,4.0
TK00866,2026-05-08 11:05:00+00:00,2026-05-08 13:56:20.239000+00:00,2026-05-09 07:43:53.008000+00:00,T03,High,Chat,Delivery Question,Resolved,2.86,20.65,5.0
TK00867,2026-07-14 11:14:00+00:00,2026-07-14 12:45:57.974000+00:00,2026-07-15 11:46:47.565000+00:00,T03,High,Web,Billing Query,Resolved,1.53,24.55,5.0
TK00868,2026-06-14 18:32:00+00:00,2026-06-14 22:33:44.303000+00:00,2026-06-17 16:01:29.435000+00:00,T04,Low,Chat,Cancellation,Resolved,4.03,69.49,3.0
TK00869,2026-07-09 09:09:00+00:00,2026-07-09 11:47:36.695000+00:00,2026-07-10 21:48:34.102000+00:00,T04,High,Phone,Cancellation,Resolved,2.64,36.66,4.0
TK00870,2026-07-21 09:10:00+00:00,2026-07-21 12:23:21.256000+00:00,,T04,Medium,Chat,Delivery Question,Open,3.22,,
TK00871,2026-06-04 16:06:00+00:00,2026-06-04 18:13:21.921000+00:00,2026-06-06 08:58:09.718000+00:00,T01,Low,Email,Technical Issue,Resolved,2.12,40.87,4.0
TK00872,2026-05-18 08:36:00+00:00,2026-05-18 10:39:13.709000+00:00,,T02,Medium,Web,Technical Issue,Open,2.05,,
TK00873,2026-07-01 10:00:00+00:00,2026-07-01 13:56:52.011000+00:00,2026-07-03 21:03:36.603000+00:00,T03,Medium,Chat,Billing Query,Resolved,3.95,59.06,4.0
TK00874,2026-07-24 15:53:00+00:00,2026-07-24 20:38:14.290000+00:00,2026-07-26 04:18:44.893000+00:00,T02,Medium,Email,Account Access,Resolved,4.75,36.43,2.0
TK00875,2026-06-07 09:17:00+00:00,2026-06-07 13:44:15.921000+00:00,2026-06-08 12:46:15.307000+00:00,T04,High,Email,Delivery Question,Resolved,4.45,27.49,4.0
TK00876,2026-06-28 14:00:00+00:00,2026-06-28 16:35:43.370000+00:00,2026-06-30 09:48:38.333000+00:00,T01,Medium,Phone,Cancellation,Resolved,2.6,43.81,3.0
TK00877,2026-06-19 13:45:00+00:00,2026-06-19 18:22:28.713000+00:00,2026-06-20 15:30:10.869000+00:00,T02,High,Email,Technical Issue,Resolved,4.62,25.75,4.0
TK00878,2026-06-06 18:36:00+00:00,2026-06-07 05:37:34.550000+00:00,2026-06-10 01:36:11.726000+00:00,T04,Low,Web,Technical Issue,Resolved,11.03,79.0,3.0
TK00879,2026-05-19 11:04:00+00:00,2026-05-19 14:08:58.007000+00:00,2026-05-22 14:42:22.313000+00:00,T02,Low,Email,Technical Issue,Resolved,3.08,75.64,3.0
TK00880,2026-05-04 17:12:00+00:00,2026-05-05 00:47:15.735000+00:00,2026-05-05 23:25:14.361000+00:00,T03,Low,Web,Billing Query,Resolved,7.59,30.22,4.0
TK00881,2026-07-05 13:42:00+00:00,2026-07-05 16:22:42.146000+00:00,2026-07-07 07:00:58.546000+00:00,T03,High,Chat,Billing Query,Resolved,2.68,41.32,4.0
TK00882,2026-07-09 18:00:00+00:00,2026-07-09 20:22:33.991000+00:00,2026-07-10 21:20:00.404000+00:00,T02,High,Web,Technical Issue,Resolved,2.38,27.33,5.0
TK00883,2026-06-21 18:49:00+00:00,2026-06-22 00:02:57.350000+00:00,2026-06-22 15:04:06.878000+00:00,T01,High,Email,Account Access,Resolved,5.23,20.25,3.0
TK00884,2026-05-20 11:21:00+00:00,2026-05-20 12:52:25.038000+00:00,2026-05-21 00:28:52.841000+00:00,T01,Low,Web,Delivery Question,Resolved,1.52,13.13,5.0
TK00885,2026-05-19 10:53:00+00:00,2026-05-19 14:49:36.670000+00:00,2026-05-20 10:12:29.999000+00:00,T03,High,Email,Delivery Question,Resolved,3.94,23.32,4.0
TK00886,2026-05-20 16:37:00+00:00,2026-05-20 21:31:55.025000+00:00,2026-05-22 09:08:30.092000+00:00,T03,Medium,Chat,Cancellation,Resolved,4.92,40.53,2.0
TK00887,2026-06-15 14:08:00+00:00,2026-06-15 18:49:25.857000+00:00,2026-06-16 18:22:57.575000+00:00,T02,Medium,Email,Technical Issue,Resolved,4.69,28.25,5.0
TK00888,2026-05-05 09:55:00+00:00,2026-05-05 12:05:13.721000+00:00,2026-05-05 20:09:36.074000+00:00,T01,Medium,Chat,Delivery Question,Resolved,2.17,10.24,5.0
TK00889,2026-05-07 09:52:00+00:00,2026-05-07 14:10:58.923000+00:00,2026-05-10 11:49:00.017000+00:00,T02,Low,Web,Technical Issue,Resolved,4.32,73.95,3.0
TK00890,2026-05-10 18:29:00+00:00,2026-05-10 23:07:51.633000+00:00,2026-05-12 19:33:47.992000+00:00,T02,Medium,Email,Technical Issue,Resolved,4.65,49.08,2.0
TK00891,2026-05-11 11:08:00+00:00,2026-05-11 13:50:34.484000+00:00,2026-05-13 02:34:50.636000+00:00,T04,Medium,Email,Delivery Question,Resolved,2.71,39.45,5.0
TK00892,2026-06-12 14:58:00+00:00,2026-06-12 18:55:10.699000+00:00,,T01,Low,Chat,Account Access,Pending,3.95,,
TK00893,2026-07-06 12:01:00+00:00,2026-07-06 15:15:23.579000+00:00,2026-07-08 19:56:22.859000+00:00,T02,Medium,Web,Technical Issue,Resolved,3.24,55.92,3.0
TK00894,2026-07-13 16:14:00+00:00,2026-07-13 17:45:55.483000+00:00,,T01,High,Phone,Account Access,Pending,1.53,,
TK00895,2026-06-19 12:06:00+00:00,2026-06-19 15:48:51.473000+00:00,2026-06-20 07:12:59.169000+00:00,T01,Low,Web,Account Access,Resolved,3.71,19.12,4.0
TK00896,2026-07-17 09:09:00+00:00,2026-07-17 11:39:17.344000+00:00,2026-07-17 21:54:57.144000+00:00,T01,Medium,Chat,Account Access,Resolved,2.5,12.77,5.0
TK00897,2026-05-26 13:51:00+00:00,2026-05-26 17:52:32.799000+00:00,2026-05-29 04:22:12.011000+00:00,T02,Low,Web,Technical Issue,Resolved,4.03,62.52,3.0
TK00898,2026-06-06 10:00:00+00:00,2026-06-06 13:05:13.426000+00:00,2026-06-07 05:32:22.879000+00:00,T01,Medium,Web,Delivery Question,Resolved,3.09,19.54,5.0
TK00899,2026-06-24 09:31:00+00:00,2026-06-24 12:04:59.049000+00:00,2026-06-26 07:57:22.873000+00:00,T02,High,Phone,Technical Issue,Resolved,2.57,46.44,4.0
TK00900,2026-05-13 11:08:00+00:00,2026-05-13 16:30:56.619000+00:00,2026-05-14 03:58:01.207000+00:00,T01,Low,Email,Account Access,Resolved,5.38,16.83,3.0
TK00901,2026-07-23 10:27:00+00:00,2026-07-23 15:25:09.952000+00:00,,T03,Medium,Chat,Billing Query,Open,4.97,,
TK00902,2026-06-04 12:42:00+00:00,2026-06-04 16:56:20.697000+00:00,2026-06-07 00:42:35.957000+00:00,T02,Medium,Web,Technical Issue,Resolved,4.24,60.01,2.0
TK00903,2026-05-17 12:58:00+00:00,2026-05-17 14:31:07.060000+00:00,2026-05-19 02:03:40.425000+00:00,T03,Medium,Chat,Billing Query,Resolved,1.55,37.09,5.0
TK00904,2026-07-26 13:30:00+00:00,2026-07-26 14:50:36.967000+00:00,,T02,Low,Chat,Technical Issue,Open,1.34,,
TK00905,2026-06-06 15:24:00+00:00,2026-06-06 19:24:30.830000+00:00,2026-06-08 18:13:04.733000+00:00,T02,Medium,Email,Technical Issue,Resolved,4.01,50.82,2.0
TK00906,2026-05-28 15:45:00+00:00,2026-05-28 21:11:07.729000+00:00,2026-05-30 09:34:24.090000+00:00,T03,Medium,Web,Billing Query,Resolved,5.44,41.82,3.0
TK00907,2026-05-31 17:12:00+00:00,2026-06-01 03:59:33.233000+00:00,2026-06-02 16:40:51.243000+00:00,T04,Low,Email,Cancellation,Resolved,10.79,47.48,4.0
TK00908,2026-07-10 13:02:00+00:00,2026-07-10 16:56:52.389000+00:00,2026-07-11 04:06:28.293000+00:00,T01,High,Email,Billing Query,Resolved,3.91,15.07,4.0
TK00909,2026-07-02 18:53:00+00:00,2026-07-02 21:18:56.678000+00:00,2026-07-03 10:36:00.114000+00:00,T01,High,Chat,Technical Issue,Resolved,2.43,15.72,4.0
TK00910,2026-06-12 18:20:00+00:00,2026-06-12 20:56:40.779000+00:00,2026-06-15 05:33:39.343000+00:00,T03,Low,Chat,Billing Query,Resolved,2.61,59.23,3.0
TK00911,2026-05-28 15:22:00+00:00,2026-05-28 20:01:12.908000+00:00,2026-05-30 04:07:49.101000+00:00,T04,Medium,Chat,Account Access,Resolved,4.65,36.76,5.0
TK00912,2026-06-24 13:30:00+00:00,2026-06-24 21:41:04.210000+00:00,2026-06-27 15:24:09.638000+00:00,T03,Medium,Email,Billing Query,Resolved,8.18,73.9,4.0
TK00913,2026-06-19 14:14:00+00:00,2026-06-19 17:49:57.562000+00:00,2026-06-20 12:17:17.765000+00:00,T01,Medium,Chat,Account Access,Resolved,3.6,22.05,5.0
TK00914,2026-06-20 12:48:00+00:00,2026-06-20 16:04:03.483000+00:00,2026-06-21 18:36:35.645000+00:00,T01,High,Web,Technical Issue,Resolved,3.27,29.81,4.0
TK00915,2026-07-05 08:16:00+00:00,2026-07-05 17:36:10.230000+00:00,2026-07-06 17:58:57.566000+00:00,T03,Medium,Web,Billing Query,Resolved,9.34,33.72,3.0
TK00916,2026-05-06 11:27:00+00:00,2026-05-06 17:11:14.525000+00:00,2026-05-07 06:01:46.697000+00:00,T04,Medium,Chat,Delivery Question,Resolved,5.74,18.58,5.0
TK00917,2026-05-31 12:12:00+00:00,2026-05-31 15:36:45.040000+00:00,2026-06-01 08:37:51.294000+00:00,T01,Medium,Chat,Delivery Question,Resolved,3.41,20.43,5.0
TK00918,2026-07-23 10:22:00+00:00,2026-07-23 13:11:40.404000+00:00,2026-07-24 02:31:16.643000+00:00,T03,Urgent,Email,Billing Query,Resolved,2.83,16.15,5.0
TK00919,2026-07-24 13:32:00+00:00,2026-07-24 14:17:55.130000+00:00,2026-07-24 20:54:10.927000+00:00,T01,High,Phone,Account Access,Resolved,0.77,7.37,5.0
TK00920,2026-06-24 14:10:00+00:00,2026-06-24 20:34:50.576000+00:00,2026-06-27 20:15:44.230000+00:00,T04,Medium,Chat,Cancellation,Resolved,6.41,78.1,3.0
TK00921,2026-05-17 11:33:00+00:00,2026-05-17 15:27:27.394000+00:00,2026-05-19 10:13:59.914000+00:00,T04,Medium,Phone,Delivery Question,Resolved,3.91,46.68,4.0
TK00922,2026-07-15 10:40:00+00:00,2026-07-15 13:49:16.473000+00:00,2026-07-17 15:31:55.285000+00:00,T04,High,Chat,Cancellation,Resolved,3.15,52.87,4.0
TK00923,2026-05-19 12:09:00+00:00,2026-05-19 16:56:09.946000+00:00,2026-05-20 03:25:46.445000+00:00,T04,Low,Chat,Delivery Question,Resolved,4.79,15.28,4.0
TK00924,2026-06-16 11:36:00+00:00,2026-06-16 15:59:04.249000+00:00,2026-06-17 08:12:55.281000+00:00,T01,Low,Web,Delivery Question,Resolved,4.38,20.62,4.0
TK00925,2026-05-15 14:50:00+00:00,2026-05-15 17:48:06.907000+00:00,2026-05-16 12:12:06.142000+00:00,T03,Urgent,Chat,Cancellation,Resolved,2.97,21.37,5.0
TK00926,2026-06-28 14:08:00+00:00,2026-06-29 01:13:43.654000+00:00,,T03,Medium,Web,Cancellation,Pending,11.1,,
TK00927,2026-07-13 11:12:00+00:00,2026-07-13 14:12:02.507000+00:00,2026-07-13 20:38:57.907000+00:00,T01,Medium,Chat,Delivery Question,Resolved,3.0,9.45,3.0
TK00928,2026-07-23 11:07:00+00:00,2026-07-23 12:27:02.947000+00:00,2026-07-24 21:14:22.092000+00:00,T03,High,Phone,Billing Query,Resolved,1.33,34.12,4.0
TK00929,2026-06-16 15:12:00+00:00,2026-06-16 16:53:09.057000+00:00,2026-06-19 20:29:56.941000+00:00,T02,High,Chat,Technical Issue,Resolved,1.69,77.3,5.0
TK00930,2026-06-27 10:26:00+00:00,2026-06-27 12:09:56.687000+00:00,2026-06-27 22:37:38.023000+00:00,T02,Urgent,Chat,Technical Issue,Resolved,1.73,12.19,5.0
TK00931,2026-05-12 10:12:00+00:00,2026-05-12 15:55:10.299000+00:00,2026-05-13 09:07:50.122000+00:00,T04,High,Email,Delivery Question,Resolved,5.72,22.93,4.0
TK00932,2026-07-06 08:07:00+00:00,2026-07-06 11:17:22.549000+00:00,2026-07-06 19:09:04.570000+00:00,T01,Medium,Phone,Account Access,Resolved,3.17,11.03,5.0
TK00933,2026-06-13 10:57:00+00:00,2026-06-13 14:23:09.632000+00:00,2026-06-13 19:28:15.788000+00:00,T01,Medium,Chat,Delivery Question,Resolved,3.44,8.52,5.0
TK00934,2026-05-24 13:58:00+00:00,2026-05-24 19:34:01.140000+00:00,2026-05-28 02:23:46.133000+00:00,T04,Medium,Email,Cancellation,Resolved,5.6,84.43,3.0
TK00935,2026-07-26 13:03:00+00:00,2026-07-26 18:45:41.041000+00:00,,T03,Medium,Email,Cancellation,Open,5.71,,
TK00936,2026-06-29 16:28:00+00:00,2026-06-29 20:49:51.855000+00:00,,T04,Medium,Web,Delivery Question,Pending,4.36,,
TK00937,2026-07-17 11:50:00+00:00,2026-07-17 14:44:20.466000+00:00,,T01,High,Email,Account Access,Resolved,2.91,3.94,5.0
TK00938,2026-06-12 10:38:00+00:00,2026-06-12 13:10:06.202000+00:00,2026-06-14 14:40:17.998000+00:00,T02,Medium,Web,Technical Issue,Resolved,2.54,52.04,4.0
TK00939,2026-06-29 11:00:00+00:00,2026-06-29 14:19:32.091000+00:00,2026-06-29 21:31:44.514000+00:00,T01,High,Chat,Account Access,Resolved,3.33,10.53,5.0
TK00940,2026-06-30 10:06:00+00:00,2026-06-30 14:15:25.648000+00:00,2026-07-01 12:28:17.967000+00:00,T01,Medium,Chat,Account Access,Resolved,4.16,26.37,1.0
TK00941,2026-05-31 11:20:00+00:00,2026-05-31 13:04:49.698000+00:00,2026-06-01 06:48:33.297000+00:00,T01,Medium,Chat,Delivery Question,Resolved,1.75,19.48,5.0
TK00942,2026-05-24 16:28:00+00:00,2026-05-24 22:08:22.782000+00:00,2026-05-25 16:24:13.235000+00:00,T03,Low,Email,Billing Query,Resolved,5.67,23.94,5.0
TK00943,2026-06-02 17:44:00+00:00,2026-06-02 22:58:03.027000+00:00,2026-06-04 03:14:25.272000+00:00,T03,Medium,Chat,Billing Query,Resolved,5.23,33.51,2.0
TK00944,2026-05-23 14:34:00+00:00,2026-05-23 18:36:54.207000+00:00,2026-05-25 14:13:02.113000+00:00,T02,Medium,Email,Technical Issue,Resolved,4.05,47.65,4.0
TK00945,2026-05-14 15:06:00+00:00,2026-05-14 17:07:26.356000+00:00,2026-05-15 17:42:32.256000+00:00,T02,Low,Email,Account Access,Resolved,2.02,26.61,5.0
TK00946,2026-07-16 14:16:00+00:00,2026-07-16 16:58:09.712000+00:00,2026-07-17 09:22:08.631000+00:00,T01,Medium,Phone,Billing Query,Resolved,2.7,19.1,5.0
TK00947,2026-07-06 11:16:00+00:00,2026-07-06 14:18:14.417000+00:00,2026-07-06 22:57:13.130000+00:00,T01,High,Web,Account Access,Resolved,3.04,11.69,5.0
TK00948,2026-06-10 17:46:00+00:00,2026-06-10 20:19:04.705000+00:00,2026-06-11 23:41:53.407000+00:00,T02,High,Web,Account Access,Resolved,2.55,29.93,5.0
TK00949,2026-06-29 16:38:00+00:00,2026-06-29 20:00:33.507000+00:00,2026-07-02 09:48:15.361000+00:00,T02,Low,Chat,Technical Issue,Resolved,3.38,65.17,4.0
TK00950,2026-07-23 17:06:00+00:00,2026-07-24 01:13:17.092000+00:00,2026-07-24 20:55:39.608000+00:00,T04,Medium,Email,Delivery Question,Resolved,8.12,27.83,4.0
TK00951,2026-06-04 13:39:00+00:00,2026-06-04 17:43:25.885000+00:00,2026-06-05 06:27:48.532000+00:00,T01,Low,Chat,Delivery Question,Resolved,4.07,16.81,4.0
TK00952,2026-07-04 17:02:00+00:00,2026-07-04 18:53:21.556000+00:00,2026-07-06 11:39:24.095000+00:00,T01,High,Chat,Technical Issue,Resolved,1.86,42.62,3.0
TK00953,2026-05-10 17:42:00+00:00,2026-05-10 21:31:56.421000+00:00,2026-05-11 02:59:11.508000+00:00,T01,High,Email,Delivery Question,Resolved,3.83,9.29,5.0
TK00954,2026-05-16 10:12:00+00:00,2026-05-16 16:46:48.767000+00:00,,T04,Low,Chat,Delivery Question,Open,6.58,,
TK00955,2026-06-15 18:07:00+00:00,2026-06-15 22:10:12.537000+00:00,2026-06-17 16:34:19.870000+00:00,T03,High,Chat,Billing Query,Resolved,4.05,46.46,2.0
TK00956,2026-06-20 14:00:00+00:00,2026-06-21 07:01:54.549000+00:00,,T04,Low,Email,Cancellation,Resolved,17.03,104.93,3.0
TK00957,2026-07-08 11:17:00+00:00,2026-07-08 16:16:52.859000+00:00,2026-07-10 11:04:53.090000+00:00,T04,Medium,Web,Billing Query,Resolved,5.0,47.8,4.0
TK00958,2026-07-20 14:30:00+00:00,2026-07-20 18:13:50.569000+00:00,,T01,Medium,Chat,Delivery Question,Pending,3.73,,
TK00959,2026-06-22 11:26:00+00:00,2026-06-22 13:04:08.059000+00:00,2026-06-23 11:37:21.255000+00:00,T01,Low,Email,Account Access,Resolved,1.64,24.19,4.0
TK00960,2026-06-06 08:32:00+00:00,2026-06-06 11:28:33.058000+00:00,2026-06-06 16:00:53.021000+00:00,T01,Medium,Chat,Account Access,Resolved,2.94,7.48,5.0
TK00961,2026-05-31 18:07:00+00:00,2026-05-31 20:42:38.097000+00:00,2026-06-01 00:20:09.990000+00:00,T01,Urgent,Email,Account Access,Resolved,2.59,6.22,5.0
TK00962,2026-06-08 11:48:00+00:00,2026-06-08 14:49:51.241000+00:00,2026-06-09 18:39:41.344000+00:00,T02,Low,Email,Technical Issue,Resolved,3.03,30.86,4.0
TK00963,2026-07-20 10:56:00+00:00,2026-07-20 19:58:49.483000+00:00,2026-07-22 18:14:48.893000+00:00,T03,Medium,Email,Billing Query,Resolved,9.05,55.31,4.0
TK00964,2026-06-21 10:00:00+00:00,2026-06-21 12:16:44.204000+00:00,,T02,Medium,Email,Technical Issue,Open,2.28,,
TK00965,2026-07-04 17:40:00+00:00,2026-07-04 20:16:43.746000+00:00,2026-07-05 23:56:56.953000+00:00,T02,High,Chat,Technical Issue,Resolved,2.61,30.28,4.0
TK00966,2026-05-21 13:33:00+00:00,2026-05-21 15:29:38.919000+00:00,2026-05-24 09:39:19.201000+00:00,T02,Medium,Web,Technical Issue,Resolved,1.94,68.11,4.0
TK00967,2026-05-06 09:26:00+00:00,2026-05-06 11:29:50.084000+00:00,,T01,Urgent,Email,Account Access,Pending,2.06,,
TK00968,2026-07-05 09:02:00+00:00,2026-07-05 17:56:32.567000+00:00,2026-07-09 21:06:40.517000+00:00,T02,Low,Email,Technical Issue,Resolved,8.91,108.08,1.0
TK00969,2026-05-29 12:02:00+00:00,2026-05-29 14:28:25.891000+00:00,2026-05-30 03:55:26.691000+00:00,T01,Medium,Chat,Account Access,Resolved,2.44,15.89,4.0
TK00970,2026-07-24 15:22:00+00:00,2026-07-25 00:08:35.066000+00:00,2026-07-26 09:57:05.644000+00:00,T04,Low,Email,Cancellation,Resolved,8.78,42.58,4.0
TK00971,2026-06-28 13:23:00+00:00,2026-06-28 17:20:52.762000+00:00,,T01,Medium,Web,Technical Issue,Pending,3.96,,
TK00972,2026-06-15 15:22:00+00:00,2026-06-15 19:21:27.467000+00:00,2026-06-18 17:55:58.197000+00:00,T02,Medium,Chat,Technical Issue,Resolved,3.99,74.57,2.0
TK00973,2026-05-16 15:03:00+00:00,2026-05-16 19:01:37.960000+00:00,2026-05-18 20:59:15.329000+00:00,T02,Medium,Email,Technical Issue,Resolved,3.98,53.94,2.0
TK00974,2026-07-20 15:13:00+00:00,2026-07-20 19:03:10.853000+00:00,2026-07-22 02:14:45.749000+00:00,T04,High,Web,Account Access,Resolved,3.84,35.03,5.0
TK00975,2026-07-23 12:22:00+00:00,2026-07-23 13:56:17.708000+00:00,2026-07-24 07:52:24.801000+00:00,T02,Urgent,Email,Technical Issue,Resolved,1.57,19.51,5.0
TK00976,2026-06-15 10:07:00+00:00,2026-06-15 14:32:45.055000+00:00,,T03,High,Chat,Billing Query,Pending,4.43,,
TK00977,2026-06-25 18:09:00+00:00,2026-06-25 20:10:40.719000+00:00,2026-06-27 10:32:34.350000+00:00,T02,High,Web,Technical Issue,Resolved,2.03,40.39,4.0
TK00978,2026-07-19 14:19:00+00:00,2026-07-19 16:25:40.292000+00:00,2026-07-20 13:19:01.423000+00:00,T02,High,Chat,Technical Issue,Resolved,2.11,23.0,5.0
TK00979,2026-06-18 18:13:00+00:00,2026-06-19 02:52:51.862000+00:00,2026-06-21 20:01:22.288000+00:00,T03,Medium,Chat,Billing Query,Resolved,8.66,73.81,3.0
TK00980,2026-06-06 09:45:00+00:00,2026-06-06 13:15:20.544000+00:00,2026-06-07 03:39:37.979000+00:00,T03,High,Email,Billing Query,Resolved,3.51,17.91,5.0
TK00981,2026-06-11 15:59:00+00:00,2026-06-11 18:18:49.126000+00:00,,T01,Medium,Phone,Delivery Question,Pending,2.33,,
TK00982,2026-06-08 16:32:00+00:00,2026-06-08 20:21:37.709000+00:00,,T01,Low,Chat,Technical Issue,Open,3.83,,
TK00983,2026-07-01 09:13:00+00:00,2026-07-01 15:42:08.331000+00:00,,T04,Medium,Chat,Cancellation,Pending,6.49,,
TK00984,2026-05-18 17:45:00+00:00,2026-05-18 22:24:01.754000+00:00,2026-05-19 12:42:38.666000+00:00,T01,Medium,Web,Delivery Question,Resolved,4.65,18.96,4.0
TK00985,2026-07-23 10:32:00+00:00,2026-07-23 15:56:05.793000+00:00,2026-07-24 18:06:52.250000+00:00,T04,High,Web,Delivery Question,Resolved,5.4,31.58,5.0
TK00986,2026-06-29 17:21:00+00:00,2026-06-29 21:37:53.451000+00:00,2026-07-02 13:37:31.610000+00:00,T02,Medium,Chat,Technical Issue,Resolved,4.28,68.28,4.0
TK00987,2026-05-29 14:46:00+00:00,2026-05-29 22:28:00.965000+00:00,2026-05-30 14:54:00.424000+00:00,T03,Medium,Email,Delivery Question,Resolved,7.7,24.13,4.0
TK00988,2026-07-06 13:13:00+00:00,2026-07-06 14:36:41.694000+00:00,2026-07-08 16:01:06.896000+00:00,T02,Medium,Chat,Technical Issue,Resolved,1.39,50.8,3.0
TK00989,2026-06-25 12:19:00+00:00,2026-06-25 22:12:51.317000+00:00,2026-06-27 10:16:36.951000+00:00,T01,Low,Email,Cancellation,Resolved,9.9,45.96,2.0
TK00990,2026-05-20 08:46:00+00:00,2026-05-20 12:03:59.885000+00:00,,T02,Low,Web,Technical Issue,Open,3.3,,
TK00991,2026-06-24 12:27:00+00:00,2026-06-24 15:06:45.815000+00:00,2026-06-25 15:51:33.790000+00:00,T02,Medium,Phone,Technical Issue,Resolved,2.66,27.41,5.0
TK00992,2026-07-23 17:31:00+00:00,2026-07-23 19:57:43.773000+00:00,2026-07-24 14:47:51.673000+00:00,T01,Medium,Phone,Delivery Question,Resolved,2.45,21.28,5.0
TK00993,2026-05-26 15:44:00+00:00,2026-05-26 17:16:29.493000+00:00,2026-05-27 12:43:34.344000+00:00,T02,High,Chat,Technical Issue,Resolved,1.54,20.99,4.0
TK00994,2026-05-28 13:37:00+00:00,2026-05-28 15:30:19.755000+00:00,2026-05-30 10:53:50.048000+00:00,T02,Medium,Phone,Technical Issue,Resolved,1.89,45.28,4.0
TK00995,2026-07-04 18:30:00+00:00,2026-07-04 23:18:46.545000+00:00,,T02,Medium,Email,Technical Issue,Open,4.81,,
TK00996,2026-06-01 18:11:00+00:00,2026-06-01 20:04:50.693000+00:00,2026-06-02 19:19:01.030000+00:00,T04,High,Chat,Cancellation,Resolved,1.9,25.13,4.0
TK00997,2026-05-04 10:57:00+00:00,2026-05-04 12:44:02.343000+00:00,2026-05-04 21:06:51.412000+00:00,T01,High,Email,Account Access,Resolved,1.78,10.16,4.0
TK00998,2026-07-02 12:23:00+00:00,2026-07-02 15:53:35.704000+00:00,2026-07-05 01:13:30.695000+00:00,T01,Low,Phone,Technical Issue,Resolved,3.51,60.84,2.0
TK00999,2026-05-27 14:41:00+00:00,2026-05-27 16:52:59.721000+00:00,,T04,Urgent,Chat,Cancellation,Open,2.2,,
TK01000,2026-05-08 15:16:00+00:00,2026-05-09 02:11:04.130000+00:00,2026-05-10 11:27:54.927000+00:00,T04,Medium,Web,Cancellation,Resolved,10.92,44.2,3.0
