ticket_id,created_at,first_response_at,resolved_at,team_id,priority,channel,category,status,response_hours,resolution_hours,satisfaction_score
TK00001,2026-06-06T15:04:00Z,2026-06-06T19:35:56.717Z,2026-06-08T20:22:54.594Z,T04,Medium,Web,Account Access,Resolved,4.53,53.32,3
TK00002,2026-05-18T14:39:00Z,2026-05-18T17:57:01.388Z,2026-05-20T02:58:18.144Z,T03,High,Email,Billing Query,Resolved,3.3,36.32,5
TK00003,2026-07-09T18:22:00Z,2026-07-09T23:05:43.514Z,,T03,Medium,Chat,Billing Query,Pending,4.73,,
TK00004,2026-06-11T15:01:00Z,2026-06-11T19:30:23.764Z,2026-06-12T05:57:05.854Z,T03,Medium,Email,Billing Query,Resolved,4.49,14.93,4
TK00005,2026-07-17T14:04:00Z,2026-07-17T15:22:30.891Z,2026-07-18T06:40:50.208Z,T01,Medium,Chat,Account Access,Resolved,1.31,16.61,5
TK00006,2026-06-25T10:13:00Z,2026-06-25T14:40:57.006Z,2026-06-28T21:16:46.256Z,T03,Medium,Web,Billing Query,Resolved,4.47,83.06,2
TK00007,2026-06-16T11:46:00Z,2026-06-16T16:56:44.874Z,,T01,Low,Email,Delivery Question,Open,5.18,,
TK00008,2026-05-07T08:53:00Z,2026-05-07T12:15:29.473Z,2026-05-09T01:22:44.023Z,T02,Low,Web,Account Access,Resolved,3.37,40.5,3
TK00009,2026-07-25T16:23:00Z,2026-07-25T20:08:34.376Z,2026-07-26T18:24:44.829Z,T04,High,Chat,Cancellation,Resolved,3.76,26.03,4
TK00010,2026-06-22T15:59:00Z,2026-06-22T19:47:04.041Z,2026-06-23T08:10:40.567Z,T01,High,Email,Delivery Question,Resolved,3.8,16.19,4
TK00011,2026-07-22T14:37:00Z,2026-07-22T16:46:35.781Z,,T02,High,Email,Technical Issue,Open,2.16,,
TK00012,2026-07-14T17:43:00Z,2026-07-14T21:39:15.939Z,2026-07-17T12:08:17.158Z,T04,Low,Email,Cancellation,Resolved,3.94,66.42,4
TK00013,2026-06-18T13:13:00Z,2026-06-18T17:57:51.389Z,2026-06-19T18:00:48.863Z,T02,Medium,Email,Account Access,Resolved,4.75,28.8,3
TK00014,2026-05-25T15:39:00Z,2026-05-25T18:35:44.521Z,,T04,High,Chat,Delivery Question,Open,2.95,,
TK00015,2026-06-25T18:59:00Z,2026-06-25T22:08:50.703Z,2026-06-26T21:35:00.377Z,T01,Low,Chat,Account Access,Resolved,3.16,26.6,3
TK00016,2026-06-13T15:27:00Z,2026-06-13T16:22:28.104Z,2026-06-14T20:14:55.559Z,T02,Low,Phone,Account Access,Resolved,0.92,28.8,5
TK00017,2026-06-21T09:10:00Z,2026-06-21T17:55:53.116Z,2026-06-24T16:21:56.358Z,T04,Medium,Web,Cancellation,Resolved,8.76,79.2,3
TK00018,2026-07-08T17:51:00Z,2026-07-09T01:06:08.737Z,2026-07-11T03:54:45.916Z,T04,Low,Chat,Account Access,Resolved,7.25,58.06,4
TK00019,2026-06-01T17:26:00Z,2026-06-01T20:26:19.278Z,2026-06-02T08:45:18.052Z,T01,Medium,Chat,Account Access,Resolved,3.01,15.32,5
TK00020,2026-07-11T09:35:00Z,2026-07-11T12:33:28.028Z,,T01,Low,Phone,Delivery Question,Pending,2.97,,
TK00021,2026-07-08T08:55:00Z,2026-07-08T11:59:31.330Z,2026-07-08T20:48:18.276Z,T01,Medium,Email,Account Access,Resolved,3.08,11.89,4
TK00022,2026-06-08T14:54:00Z,2026-06-08T16:09:47.935Z,2026-06-09T06:26:48.583Z,T01,High,Chat,Account Access,Resolved,1.26,15.55,4
TK00023,2026-07-08T14:02:00Z,2026-07-08T18:21:22.413Z,2026-07-10T05:24:07.966Z,T01,Medium,Email,Cancellation,Resolved,4.32,39.37,4
TK00024,2026-07-04T09:13:00Z,2026-07-04T11:06:46.139Z,,T01,High,Chat,Delivery Question,Pending,1.9,,
TK00025,2026-05-17T09:11:00Z,2026-05-17T15:38:53.679Z,2026-05-18T09:37:40.597Z,T03,Medium,Email,Billing Query,Resolved,6.46,24.44,4
TK00026,2026-06-03T13:05:00Z,2026-06-03T14:14:21.329Z,2026-06-06T11:26:55.904Z,T02,Medium,Phone,Technical Issue,Resolved,1.16,70.37,4
TK00027,2026-05-14T09:24:00Z,2026-05-14T13:42:34.252Z,2026-05-17T08:04:11.933Z,T03,Medium,Email,Billing Query,Resolved,4.31,70.67,2
TK00028,2026-05-06T14:43:00Z,2026-05-06T21:27:23.903Z,2026-05-07T18:54:46.320Z,T03,Medium,Web,Billing Query,Resolved,6.74,28.2,4
TK00029,2026-07-07T16:54:00Z,2026-07-07T20:13:23.034Z,2026-07-09T01:23:53.447Z,T02,Medium,Email,Technical Issue,Resolved,3.32,32.5,3
TK00030,2026-05-28T13:02:00Z,2026-05-28T16:14:35.573Z,,T01,Medium,Chat,Account Access,Pending,3.21,,
TK00031,2026-05-25T08:08:00Z,2026-05-25T12:28:30.504Z,2026-05-26T15:20:57.117Z,T02,Medium,Email,Account Access,Resolved,4.34,31.22,3
TK00032,2026-05-20T17:22:00Z,2026-05-20T17:50:36.774Z,2026-05-22T14:01:06.865Z,T02,Medium,Chat,Technical Issue,Resolved,0.48,44.65,3
TK00033,2026-07-14T18:49:00Z,2026-07-14T19:43:28.241Z,2026-07-16T07:20:05.099Z,T03,Medium,Phone,Billing Query,Resolved,0.91,36.52,3
TK00034,2026-05-25T15:20:00Z,2026-05-25T23:09:40.467Z,2026-05-27T21:53:17.851Z,T03,Low,Email,Billing Query,Resolved,7.83,54.55,2
TK00035,2026-05-11T11:09:00Z,2026-05-11T13:03:46.881Z,2026-05-12T00:48:30.166Z,T01,High,Web,Account Access,Resolved,1.91,13.66,5
TK00036,2026-06-26T13:18:00Z,2026-06-26T15:34:26.005Z,2026-06-27T23:35:55.249Z,T02,Medium,Chat,Account Access,Resolved,2.27,34.3,4
TK00037,2026-07-12T17:52:00Z,2026-07-12T18:51:07.101Z,2026-07-13T05:40:08.649Z,T02,Urgent,Email,Technical Issue,Resolved,0.99,11.8,4
TK00038,2026-06-01T11:05:00Z,2026-06-01T12:50:37.950Z,2026-06-02T11:37:08.858Z,T02,Medium,Chat,Account Access,Resolved,1.76,24.54,5
TK00039,2026-07-03T12:27:00Z,2026-07-03T17:07:41.395Z,2026-07-05T12:33:24.879Z,T04,Low,Chat,Cancellation,Resolved,4.68,48.11,2
TK00040,2026-07-13T17:03:00Z,2026-07-13T20:42:08.345Z,2026-07-15T07:03:44.831Z,T02,Medium,Web,Technical Issue,Resolved,3.65,38.01,2
TK00041,2026-05-12T11:21:00Z,2026-05-12T13:51:39.850Z,2026-05-14T04:36:23.721Z,T03,Low,Chat,Billing Query,Resolved,2.51,41.26,4
TK00042,2026-07-24T13:14:00Z,2026-07-24T17:00:17.290Z,2026-07-26T08:41:05.135Z,T04,High,Web,Cancellation,Resolved,3.77,43.45,5
TK00043,2026-06-22T09:13:00Z,2026-06-22T10:51:21.333Z,2026-06-23T02:34:51.828Z,T01,High,Chat,Delivery Question,Resolved,1.64,17.36,4
TK00044,2026-05-07T09:53:00Z,2026-05-07T11:44:17.271Z,2026-05-09T03:18:53.643Z,T02,Medium,Chat,Technical Issue,Resolved,1.85,41.43,3
TK00045,2026-07-24T08:29:00Z,2026-07-24T12:15:00.976Z,2026-07-27T08:56:17.452Z,T02,Medium,Web,Technical Issue,Resolved,3.77,72.45,3
TK00046,2026-06-19T15:10:00Z,2026-06-19T18:56:36.353Z,2026-06-21T19:50:42.354Z,T04,Medium,Chat,Delivery Question,Resolved,3.78,52.68,5
TK00047,2026-05-05T18:57:00Z,2026-05-05T22:53:05.873Z,2026-05-06T03:12:24.289Z,T01,High,Email,Account Access,Resolved,3.93,8.26,5
TK00048,2026-07-05T14:43:00Z,2026-07-05T16:41:36Z,,T02,High,Web,Technical Issue,Open,1.98,,
TK00049,2026-05-27T10:37:00Z,2026-05-27T12:37:37.774Z,2026-05-27T20:19:56.610Z,T01,High,Email,Account Access,Resolved,2.01,9.72,5
TK00050,2026-06-14T11:52:00Z,2026-06-14T15:50:40.090Z,2026-06-15T13:33:41.780Z,T03,High,Email,Billing Query,Resolved,3.98,25.69,4
TK00051,2026-05-11T17:08:00Z,2026-05-11T23:29:21.252Z,2026-05-13T11:00:37.029Z,T04,High,Email,Billing Query,Resolved,6.36,41.88,3
TK00052,2026-06-11T15:51:00Z,2026-06-11T19:04:16.821Z,2026-06-13T10:44:09.768Z,T02,Medium,Email,Technical Issue,Resolved,3.22,42.89,4
TK00053,2026-06-12T14:48:00Z,2026-06-12T16:33:52.064Z,2026-06-13T08:28:54.774Z,T03,High,Phone,Billing Query,Resolved,1.76,17.68,5
TK00054,2026-07-06T18:45:00Z,2026-07-06T20:20:47.803Z,,T03,Low,Chat,Billing Query,Open,1.6,,
TK00055,2026-05-25T17:45:00Z,2026-05-25T19:14:05.883Z,2026-05-26T19:30:41.806Z,T02,Medium,Chat,Account Access,Resolved,1.48,25.76,3
TK00056,2026-06-17T17:28:00Z,2026-06-17T22:38:08.342Z,2026-06-18T11:58:27.243Z,T03,High,Chat,Billing Query,Resolved,5.17,18.51,4
TK00057,2026-07-21T18:58:00Z,2026-07-21T21:10:37.796Z,2026-07-24T12:47:10.496Z,T02,Low,Email,Technical Issue,Resolved,2.21,65.82,5
TK00058,2026-06-28T17:44:00Z,2026-06-28T22:19:11.203Z,2026-06-30T16:20:02.447Z,T03,Medium,Chat,Billing Query,Resolved,4.59,46.6,3
TK00059,2026-06-13T15:27:00Z,2026-06-13T17:51:37.712Z,2026-06-14T08:46:03.727Z,T02,High,Web,Technical Issue,Resolved,2.41,17.32,5
TK00060,2026-07-07T12:51:00Z,2026-07-08T00:12:08.103Z,2026-07-09T18:01:24.884Z,T03,Low,Email,Billing Query,Resolved,11.35,53.17,3
TK00061,2026-05-16T13:16:00Z,2026-05-16T15:23:17.577Z,,T01,High,Chat,Account Access,Pending,2.12,,
TK00062,2026-07-16T09:07:00Z,2026-07-16T11:14:52.169Z,2026-07-16T20:49:55.878Z,T02,Medium,Phone,Account Access,Resolved,2.13,11.72,5
TK00063,2026-06-12T15:07:00Z,2026-06-12T18:07:53.258Z,,T04,Medium,Chat,Cancellation,Pending,3.01,,
TK00064,2026-06-29T12:01:00Z,2026-06-29T15:34:15.029Z,2026-07-01T00:07:46.551Z,T01,Medium,Email,Delivery Question,Resolved,3.55,36.11,4
TK00065,2026-05-13T13:28:00Z,2026-05-13T17:19:52.052Z,2026-05-14T07:03:03.099Z,T01,Medium,Web,Delivery Question,Resolved,3.86,17.58,4
TK00066,2026-06-12T10:53:00Z,2026-06-12T14:44:56.745Z,2026-06-13T00:01:59.765Z,T01,Medium,Email,Cancellation,Resolved,3.87,13.15,5
TK00067,2026-07-02T09:51:00Z,2026-07-02T12:17:28.158Z,2026-07-03T12:02:45.470Z,T03,High,Chat,Delivery Question,Resolved,2.44,26.2,4
TK00068,2026-07-08T10:48:00Z,2026-07-08T15:50:38.434Z,2026-07-09T20:44:42.787Z,T04,High,Email,Billing Query,Resolved,5.04,33.95,5
TK00069,2026-07-06T10:06:00Z,2026-07-06T13:59:50.170Z,2026-07-07T04:57:23.172Z,T03,High,Email,Billing Query,Resolved,3.9,18.86,5
TK00070,2026-05-21T11:20:00Z,2026-05-21T12:11:41.924Z,,T03,High,Phone,Billing Query,Open,0.86,,
TK00071,2026-06-20T17:05:00Z,2026-06-20T22:37:36.757Z,2026-06-21T13:05:05.627Z,T02,Medium,Email,Technical Issue,Resolved,5.54,20,4
TK00072,2026-06-12T14:20:00Z,2026-06-12T19:33:03.170Z,2026-06-14T17:07:51.735Z,T02,Medium,Web,Technical Issue,Resolved,5.22,50.8,3
TK00073,2026-06-12T10:32:00Z,2026-06-12T14:27:38.606Z,2026-06-13T12:10:08.117Z,T02,Medium,Email,Technical Issue,Resolved,3.93,25.64,4
TK00074,2026-07-05T17:56:00Z,2026-07-05T21:03:08.395Z,2026-07-09T12:49:38.746Z,T02,Low,Chat,Technical Issue,Resolved,3.12,90.89,3
TK00075,2026-07-11T09:00:00Z,2026-07-11T14:30:23.714Z,2026-07-13T01:31:00.741Z,T04,High,Email,Cancellation,Resolved,5.51,40.52,4
TK00076,2026-06-27T14:34:00Z,2026-06-27T19:12:44.218Z,2026-06-30T17:49:25.372Z,T04,Medium,Chat,Cancellation,Resolved,4.65,75.26,4
TK00077,2026-05-16T12:22:00Z,2026-05-16T16:55:53.900Z,2026-05-18T05:29:21.827Z,T03,Medium,Chat,Billing Query,Resolved,4.56,41.12,2
TK00078,2026-06-28T11:19:00Z,2026-06-28T16:42:26.365Z,2026-06-30T05:04:00.674Z,T04,High,Email,Delivery Question,Resolved,5.39,41.75,5
TK00079,2026-05-14T16:06:00Z,2026-05-14T18:40:06.472Z,2026-05-15T19:00:54.980Z,T02,High,Email,Account Access,Resolved,2.57,26.92,5
TK00080,2026-05-20T12:34:00Z,2026-05-20T15:21:07.044Z,2026-05-21T23:07:33.001Z,T03,Medium,Chat,Delivery Question,Resolved,2.79,34.56,5
TK00081,2026-05-11T09:28:00Z,2026-05-11T11:37:15.320Z,2026-05-12T11:17:26.364Z,T02,High,Chat,Technical Issue,Resolved,2.15,25.82,5
TK00082,2026-07-08T10:56:00Z,2026-07-08T13:53:56.276Z,2026-07-09T20:32:32.928Z,T02,Medium,Chat,Technical Issue,Resolved,2.97,33.61,4
TK00083,2026-07-25T17:54:00Z,2026-07-25T20:09:52.107Z,2026-07-28T05:33:24.240Z,T02,Medium,Chat,Technical Issue,Resolved,2.26,59.66,5
TK00084,2026-07-21T09:48:00Z,2026-07-21T11:53:06.857Z,2026-07-23T22:20:54.281Z,T03,High,Chat,Billing Query,Resolved,2.09,60.55,3
TK00085,2026-05-22T17:46:00Z,2026-05-22T21:34:14.514Z,,T01,Medium,Email,Account Access,Open,3.8,,
TK00086,2026-07-08T13:33:00Z,2026-07-08T15:06:57.760Z,2026-07-09T12:04:09.911Z,T02,High,Email,Technical Issue,Resolved,1.57,22.52,4
TK00087,2026-06-21T16:24:00Z,2026-06-21T21:21:58.547Z,2026-06-23T17:49:00.660Z,T03,Low,Chat,Billing Query,Resolved,4.97,49.42,3
TK00088,2026-05-17T11:54:00Z,2026-05-17T17:18:02.847Z,2026-05-19T09:02:16.976Z,T03,Medium,Email,Billing Query,Resolved,5.4,45.14,3
TK00089,2026-07-09T08:11:00Z,2026-07-09T12:39:59.432Z,2026-07-11T08:20:06.196Z,T02,Medium,Web,Technical Issue,Resolved,4.48,48.15,3
TK00090,2026-06-02T14:27:00Z,2026-06-02T16:51:16.302Z,,T04,High,Chat,Cancellation,Pending,2.4,,
TK00091,2026-05-04T14:07:00Z,2026-05-04T15:28:23.375Z,2026-05-06T11:32:23.550Z,T02,High,Email,Technical Issue,Resolved,1.36,45.42,4
TK00092,2026-06-10T12:41:00Z,2026-06-10T15:06:57.926Z,2026-06-12T07:12:25.730Z,T03,High,Chat,Billing Query,Resolved,2.43,42.52,5
TK00093,2026-06-01T17:05:00Z,2026-06-01T20:15:56.645Z,2026-06-02T07:18:12.154Z,T01,Medium,Email,Account Access,Resolved,3.18,14.22,4
TK00094,2026-06-05T09:29:00Z,2026-06-05T13:27:40.068Z,,T02,Medium,Email,Technical Issue,Pending,3.98,,
TK00095,2026-06-05T14:51:00Z,2026-06-05T19:14:42.444Z,2026-06-07T16:46:29.435Z,T02,Medium,Email,Technical Issue,Resolved,4.4,49.92,3
TK00096,2026-07-23T16:28:00Z,2026-07-23T21:59:55.087Z,2026-07-24T20:30:25.451Z,T04,Medium,Email,Delivery Question,Resolved,5.53,28.04,5
TK00097,2026-06-25T16:15:00Z,2026-06-25T23:43:57.514Z,2026-06-29T01:15:25.880Z,T02,Low,Web,Technical Issue,Resolved,7.48,81.01,4
TK00098,2026-06-05T14:33:00Z,2026-06-05T17:08:39.773Z,,T01,Medium,Chat,Delivery Question,Pending,2.59,,
TK00099,2026-05-13T14:43:00Z,2026-05-13T19:44:12.263Z,2026-05-15T03:46:21.042Z,T04,Low,Chat,Account Access,Resolved,5.02,37.06,5
TK00100,2026-05-21T08:54:00Z,2026-05-21T15:51:28.587Z,2026-05-21T23:09:38.861Z,T01,Medium,Email,Account Access,Resolved,6.96,14.26,4
TK00101,2026-05-16T11:15:00Z,2026-05-16T15:56:14.753Z,2026-05-17T23:05:28.657Z,T01,Low,Chat,Billing Query,Resolved,4.69,35.84,3
TK00102,2026-07-21T16:43:00Z,2026-07-21T22:12:34.893Z,2026-07-23T00:23:01.335Z,T04,Medium,Email,Cancellation,Resolved,5.49,31.67,5
TK00103,2026-05-10T08:55:00Z,2026-05-10T12:05:11.945Z,2026-05-12T04:08:29.555Z,T02,Medium,Email,Technical Issue,Resolved,3.17,43.22,3
TK00104,2026-05-08T08:53:00Z,2026-05-08T13:50:42.393Z,2026-05-09T23:29:48.984Z,T03,Medium,Email,Billing Query,Resolved,4.96,38.61,2
TK00105,2026-07-23T17:17:00Z,2026-07-23T23:28:43.965Z,2026-07-26T01:44:21.235Z,T03,Medium,Email,Billing Query,Resolved,6.2,56.46,2
TK00106,2026-06-27T08:33:00Z,2026-06-27T12:03:05.946Z,2026-06-29T00:35:33.128Z,T03,High,Chat,Billing Query,Resolved,3.5,40.04,3
TK00107,2026-06-30T17:36:00Z,2026-07-01T05:32:06.696Z,2026-07-02T00:58:46.997Z,T04,Medium,Web,Delivery Question,Resolved,11.94,31.38,3
TK00108,2026-07-08T12:42:00Z,2026-07-08T19:46:22.494Z,2026-07-09T15:10:46.787Z,T04,Medium,Email,Delivery Question,Resolved,7.07,26.48,5
TK00109,2026-05-15T15:53:00Z,2026-05-15T19:20:21.417Z,,T04,High,Email,Cancellation,Pending,3.46,,
TK00110,2026-05-21T10:58:00Z,2026-05-21T13:49:24.191Z,2026-05-23T07:03:38.186Z,T03,Medium,Web,Cancellation,Resolved,2.86,44.09,3
TK00111,2026-05-05T11:01:00Z,2026-05-05T12:18:27.186Z,2026-05-06T04:45:12.929Z,T02,Urgent,Chat,Technical Issue,Resolved,1.29,17.74,4
TK00112,2026-07-06T14:49:00Z,2026-07-06T21:15:25.505Z,,T04,Low,Email,Account Access,Open,6.44,,
TK00113,2026-07-01T13:45:00Z,2026-07-01T15:39:37.770Z,,T01,High,Chat,Account Access,Open,1.91,,
TK00114,2026-06-04T13:21:00Z,2026-06-04T20:42:40.865Z,2026-06-05T14:02:00.726Z,T01,Low,Web,Billing Query,Resolved,7.36,24.68,3
TK00115,2026-06-30T08:43:00Z,2026-06-30T15:38:07.445Z,2026-07-02T15:10:03.692Z,T04,High,Email,Cancellation,Resolved,6.92,54.45,1
TK00116,2026-06-10T11:06:00Z,2026-06-10T14:32:48.385Z,2026-06-11T07:02:00.560Z,T01,Low,Chat,Account Access,Resolved,3.45,19.93,5
TK00117,2026-06-12T08:00:00Z,2026-06-12T15:09:11.671Z,2026-06-13T07:10:12.450Z,T04,Medium,Web,Cancellation,Resolved,7.15,23.17,5
TK00118,2026-07-06T10:58:00Z,2026-07-06T23:02:19.788Z,2026-07-08T08:33:35.622Z,T03,Low,Web,Delivery Question,Resolved,12.07,45.59,3
TK00119,2026-07-05T15:10:00Z,2026-07-05T18:08:38.283Z,2026-07-05T19:57:51.130Z,T02,Urgent,Web,Technical Issue,Resolved,2.98,4.8,5
TK00120,2026-06-20T12:48:00Z,2026-06-20T18:08:19.244Z,2026-06-21T19:50:12.847Z,T01,Low,Email,Delivery Question,Resolved,5.34,31.04,2
TK00121,2026-05-12T12:59:00Z,2026-05-12T18:50:44.146Z,,T04,Low,Web,Cancellation,Pending,5.86,,
TK00122,2026-05-10T10:49:00Z,2026-05-10T13:05:28.408Z,2026-05-11T17:01:45.594Z,T04,High,Chat,Account Access,Resolved,2.27,30.21,4
TK00123,2026-05-24T14:44:00Z,2026-05-24T16:49:19.704Z,,T03,High,Chat,Billing Query,Pending,2.09,,
TK00124,2026-07-24T11:40:00Z,2026-07-24T13:23:55.299Z,,T02,Medium,Chat,Technical Issue,Pending,1.73,,
TK00125,2026-06-17T14:33:00Z,2026-06-17T18:38:50.730Z,2026-06-18T22:52:51.947Z,T04,High,Web,Delivery Question,Resolved,4.1,32.33,5
TK00126,2026-07-08T13:12:00Z,2026-07-08T15:16:04.698Z,2026-07-11T00:57:43.315Z,T02,Low,Phone,Technical Issue,Resolved,2.07,59.76,3
TK00127,2026-06-01T13:40:00Z,2026-06-01T17:39:17.356Z,2026-06-03T10:28:16.963Z,T03,Medium,Web,Cancellation,Resolved,3.99,44.8,3
TK00128,2026-06-08T14:22:00Z,2026-06-08T16:52:11.819Z,2026-06-09T00:26:01.498Z,T01,Medium,Email,Account Access,Resolved,2.5,10.07,5
TK00129,2026-06-01T18:19:00Z,2026-06-02T00:26:56.122Z,2026-06-03T09:47:57.972Z,T03,Low,Chat,Delivery Question,Resolved,6.13,39.48,2
TK00130,2026-07-25T12:28:00Z,2026-07-25T15:10:58.173Z,,T01,High,Chat,Billing Query,Open,2.72,,
TK00131,2026-06-23T12:16:00Z,2026-06-23T17:38:50.335Z,2026-06-27T01:51:27.486Z,T02,Low,Email,Technical Issue,Resolved,5.38,85.59,2
TK00132,2026-05-11T13:50:00Z,2026-05-11T16:20:42.890Z,2026-05-13T05:17:56.548Z,T03,Low,Phone,Delivery Question,Resolved,2.51,39.47,4
TK00133,2026-06-01T17:35:00Z,2026-06-01T23:43:24.764Z,2026-06-02T11:55:55.558Z,T01,Medium,Email,Delivery Question,Resolved,6.14,18.35,3
TK00134,2026-06-03T15:49:00Z,2026-06-03T18:44:06.625Z,2026-06-04T20:47:57.962Z,T01,Low,Web,Delivery Question,Resolved,2.92,28.98,4
TK00135,2026-07-22T08:35:00Z,2026-07-22T13:48:53.233Z,2026-07-25T15:56:52.677Z,T04,Low,Email,Billing Query,Resolved,5.23,79.36,3
TK00136,2026-06-01T10:48:00Z,2026-06-01T14:33:23.318Z,2026-06-03T04:21:04.264Z,T03,Low,Chat,Billing Query,Resolved,3.76,41.55,3
TK00137,2026-07-04T08:20:00Z,2026-07-04T17:43:06.451Z,,T04,High,Email,Delivery Question,Open,9.39,,
TK00138,2026-05-27T14:30:00Z,2026-05-27T18:57:16.759Z,2026-05-29T04:22:18.342Z,T03,Medium,Chat,Billing Query,Resolved,4.45,37.87,4
TK00139,2026-05-06T14:29:00Z,2026-05-06T19:44:29.835Z,2026-05-07T21:36:24.755Z,T04,Medium,Email,Delivery Question,Resolved,5.26,31.12,4
TK00140,2026-07-16T11:37:00Z,2026-07-16T19:13:10.574Z,2026-07-18T19:45:31.944Z,T04,Low,Email,Delivery Question,Resolved,7.6,56.14,3
TK00141,2026-07-20T16:45:00Z,2026-07-20T20:03:38.479Z,2026-07-21T09:33:44.621Z,T01,Medium,Email,Account Access,Resolved,3.31,16.81,4
TK00142,2026-05-17T17:11:00Z,2026-05-17T20:37:16.642Z,2026-05-18T16:35:22.051Z,T03,High,Chat,Billing Query,Resolved,3.44,23.41,5
TK00143,2026-05-13T13:38:00Z,2026-05-13T15:13:35.284Z,2026-05-15T14:43:44.647Z,T02,High,Chat,Technical Issue,Resolved,1.59,49.1,4
TK00144,2026-05-26T09:38:00Z,2026-05-26T14:41:04.014Z,,T03,Low,Web,Cancellation,Open,5.05,,
TK00145,2026-07-03T13:16:00Z,2026-07-03T16:07:36.579Z,2026-07-03T20:40:09.307Z,T01,High,Email,Account Access,Resolved,2.86,7.4,4
TK00146,2026-05-24T11:18:00Z,2026-05-24T17:08:00.004Z,2026-05-26T15:22:32.868Z,T03,Medium,Web,Billing Query,Resolved,5.83,52.08,3
TK00147,2026-06-14T15:38:00Z,2026-06-14T17:47:59.444Z,2026-06-16T22:35:27.386Z,T02,Low,Chat,Technical Issue,Resolved,2.17,54.96,5
TK00148,2026-05-19T10:49:00Z,2026-05-19T11:07:16.598Z,2026-05-19T19:55:56.875Z,T01,Urgent,Email,Delivery Question,Resolved,0.3,9.12,5
TK00149,2026-06-14T12:55:00Z,2026-06-14T16:13:46.770Z,2026-06-16T03:17:13.081Z,T02,Medium,Email,Technical Issue,Resolved,3.31,38.37,4
TK00150,2026-06-03T17:36:00Z,2026-06-03T23:29:51.247Z,2026-06-04T14:35:10.305Z,T01,Medium,Web,Delivery Question,Resolved,5.9,20.99,3
TK00151,2026-07-12T17:43:00Z,2026-07-12T23:24:01.355Z,2026-07-13T20:30:02.072Z,T03,High,Email,Billing Query,Resolved,5.68,26.78,4
TK00152,2026-06-15T18:25:00Z,2026-06-15T22:17:50.345Z,2026-06-18T20:29:43.166Z,T02,Medium,Chat,Technical Issue,Resolved,3.88,74.08,2
TK00153,2026-06-02T18:00:00Z,2026-06-02T21:18:07.388Z,2026-06-04T09:22:04.885Z,T03,High,Email,Billing Query,Resolved,3.3,39.37,4
TK00154,2026-05-04T14:17:00Z,2026-05-04T16:46:49.655Z,,T02,Low,Web,Technical Issue,Open,2.5,,
TK00155,2026-05-16T11:17:00Z,2026-05-16T19:49:00.578Z,,T03,Medium,Email,Billing Query,Open,8.53,,
TK00156,2026-06-10T10:04:00Z,2026-06-10T12:54:10.386Z,2026-06-13T02:17:21.429Z,T02,Medium,Chat,Technical Issue,Resolved,2.84,64.22,5
TK00157,2026-06-10T13:20:00Z,2026-06-10T14:18:26.482Z,2026-06-12T10:44:45.513Z,T02,Medium,Phone,Technical Issue,Resolved,0.97,45.41,5
TK00158,2026-06-10T12:07:00Z,2026-06-10T18:45:37.903Z,2026-06-11T19:33:21.423Z,T04,Medium,Web,Cancellation,Resolved,6.64,31.44,4
TK00159,2026-07-07T18:25:00Z,2026-07-07T20:49:37.786Z,2026-07-10T02:07:28.386Z,T02,Low,Email,Technical Issue,Resolved,2.41,55.71,4
TK00160,2026-05-29T12:49:00Z,2026-05-29T14:26:07.090Z,,T02,High,Chat,Technical Issue,Pending,1.62,,
TK00161,2026-07-08T12:01:00Z,2026-07-08T18:00:02.289Z,2026-07-09T19:35:57.396Z,T01,Low,Email,Account Access,Resolved,5.98,31.58,2
TK00162,2026-05-18T17:37:00Z,2026-05-19T01:55:58.486Z,2026-05-22T16:14:53.206Z,T04,Low,Email,Cancellation,Resolved,8.32,94.63,2
TK00163,2026-07-05T10:45:00Z,2026-07-05T15:47:01.670Z,2026-07-08T01:15:36.146Z,T03,Medium,Email,Cancellation,Resolved,5.03,62.51,4
TK00164,2026-06-08T16:53:00Z,2026-06-08T21:58:13.495Z,,T03,High,Email,Billing Query,Pending,5.09,,
TK00165,2026-06-07T12:22:00Z,2026-06-07T12:57:25.052Z,2026-06-09T14:56:40.977Z,T02,Medium,Chat,Technical Issue,Resolved,0.59,50.58,3
TK00166,2026-06-03T10:48:00Z,2026-06-03T16:00:29.444Z,2026-06-05T10:14:46.559Z,T04,Medium,Web,Delivery Question,Resolved,5.21,47.45,5
TK00167,2026-07-02T14:17:00Z,2026-07-02T21:29:04.995Z,2026-07-05T08:09:30.218Z,T04,Medium,Email,Cancellation,Resolved,7.2,65.88,1
TK00168,2026-05-05T18:52:00Z,2026-05-05T20:55:43.851Z,2026-05-07T02:57:18.970Z,T02,High,Email,Technical Issue,Resolved,2.06,32.09,5
TK00169,2026-07-24T12:16:00Z,2026-07-24T12:59:42.790Z,2026-07-26T12:37:07.186Z,T02,High,Chat,Technical Issue,Resolved,0.73,48.35,4
TK00170,2026-06-06T09:03:00Z,2026-06-06T10:36:03.498Z,2026-06-08T05:24:10.581Z,T03,High,Chat,Billing Query,Resolved,1.55,44.35,4
TK00171,2026-06-18T15:26:00Z,2026-06-18T18:11:53.913Z,2026-06-19T14:32:27.862Z,T02,High,Web,Account Access,Resolved,2.76,23.11,4
TK00172,2026-07-10T09:56:00Z,2026-07-10T11:59:50.921Z,2026-07-13T10:05:49.922Z,T03,Low,Phone,Billing Query,Resolved,2.06,72.16,3
TK00173,2026-06-11T14:59:00Z,2026-06-11T18:00:48.385Z,2026-06-12T16:19:41.937Z,T03,Medium,Chat,Delivery Question,Resolved,3.03,25.34,5
TK00174,2026-07-09T16:02:00Z,2026-07-09T19:05:15.543Z,2026-07-10T06:41:35.361Z,T01,Medium,Email,Account Access,Resolved,3.05,14.66,4
TK00175,2026-06-29T10:04:00Z,2026-06-29T13:56:15.235Z,2026-07-01T06:34:49.742Z,T04,Medium,Email,Cancellation,Resolved,3.87,44.51,5
TK00176,2026-06-20T08:09:00Z,2026-06-20T10:28:31.707Z,,T02,Medium,Email,Technical Issue,Pending,2.33,,
TK00177,2026-05-24T09:14:00Z,2026-05-24T12:27:10.452Z,2026-05-24T18:13:45.135Z,T01,Medium,Chat,Account Access,Resolved,3.22,9,4
TK00178,2026-07-16T17:58:00Z,2026-07-16T18:59:24.678Z,2026-07-19T09:11:29.930Z,T02,Medium,Chat,Technical Issue,Resolved,1.02,63.22,3
TK00179,2026-06-29T13:07:00Z,2026-06-29T16:28:36.524Z,2026-07-02T20:00:48.633Z,T02,Medium,Chat,Technical Issue,Resolved,3.36,78.9,3
TK00180,2026-06-12T17:46:00Z,2026-06-13T01:28:21.635Z,2026-06-14T18:10:58.681Z,T03,Medium,Email,Billing Query,Resolved,7.71,48.42,3
TK00181,2026-05-08T13:15:00Z,2026-05-08T17:12:53.508Z,2026-05-12T07:01:26.506Z,T04,Medium,Chat,Technical Issue,Resolved,3.96,89.77,4
TK00182,2026-05-24T13:08:00Z,2026-05-24T16:21:35.801Z,2026-05-26T04:19:27.518Z,T04,High,Phone,Cancellation,Resolved,3.23,39.19,5
TK00183,2026-07-11T11:04:00Z,2026-07-11T17:17:02.930Z,,T03,Medium,Web,Billing Query,Pending,6.22,,
TK00184,2026-06-29T13:13:00Z,2026-06-29T21:08:29.240Z,2026-07-01T07:52:45.909Z,T04,Medium,Web,Cancellation,Resolved,7.92,42.66,4
TK00185,2026-07-22T17:03:00Z,2026-07-23T01:36:54.610Z,,T03,Low,Email,Billing Query,Open,8.57,,
TK00186,2026-06-10T17:13:00Z,2026-06-10T23:04:00.866Z,2026-06-12T21:52:24.644Z,T04,Medium,Email,Cancellation,Resolved,5.85,52.66,4
TK00187,2026-07-26T12:45:00Z,2026-07-26T14:55:51.540Z,,T03,Low,Phone,Billing Query,Open,2.18,,
TK00188,2026-07-08T10:32:00Z,2026-07-08T13:22:19.241Z,2026-07-09T11:20:11.966Z,T02,High,Web,Technical Issue,Resolved,2.84,24.8,4
TK00189,2026-06-11T16:59:00Z,2026-06-11T19:22:38.112Z,,T01,Medium,Chat,Delivery Question,Open,2.39,,
TK00190,2026-05-13T17:39:00Z,2026-05-13T20:19:59.752Z,2026-05-14T18:07:10.603Z,T02,High,Email,Technical Issue,Resolved,2.68,24.47,5
TK00191,2026-05-17T10:22:00Z,2026-05-17T11:03:24.165Z,,T02,Medium,Chat,Technical Issue,Open,0.69,,
TK00192,2026-05-12T13:42:00Z,2026-05-12T19:13:28.269Z,2026-05-13T08:43:06.496Z,T02,Low,Web,Technical Issue,Resolved,5.52,19.02,4
TK00193,2026-06-04T17:09:00Z,2026-06-04T19:47:34.244Z,2026-06-05T16:13:29.297Z,T01,Medium,Email,Account Access,Resolved,2.64,23.07,5
TK00194,2026-06-28T16:13:00Z,2026-06-28T22:48:38.579Z,2026-06-30T18:47:41.852Z,T03,Low,Chat,Delivery Question,Resolved,6.59,50.58,2
TK00195,2026-06-12T13:36:00Z,2026-06-12T18:32:31.504Z,2026-06-13T10:02:06.776Z,T01,Medium,Email,Cancellation,Resolved,4.94,20.44,4
TK00196,2026-05-11T11:55:00Z,2026-05-11T13:37:30.837Z,2026-05-13T08:42:30.989Z,T02,Medium,Phone,Technical Issue,Resolved,1.71,44.79,4
TK00197,2026-05-24T09:42:00Z,2026-05-24T11:27:35.461Z,2026-05-26T07:53:54.802Z,T02,High,Chat,Technical Issue,Resolved,1.76,46.2,4
TK00198,2026-05-29T08:56:00Z,2026-05-29T11:09:23.719Z,2026-05-30T13:22:14.259Z,T02,Low,Phone,Account Access,Resolved,2.22,28.44,5
TK00199,2026-06-26T16:00:00Z,2026-06-27T01:28:49.184Z,2026-06-29T17:01:18.522Z,T03,Low,Email,Billing Query,Resolved,9.48,73.02,3
TK00200,2026-07-07T08:31:00Z,2026-07-07T08:43:00Z,2026-07-11T03:49:51.097Z,T02,Low,Email,Technical Issue,Resolved,0.2,91.31,4
TK00201,2026-06-25T13:36:00Z,2026-06-25T15:18:17.967Z,2026-06-26T11:11:58.354Z,T01,High,Web,Technical Issue,Resolved,1.7,21.6,5
TK00202,2026-06-14T14:49:00Z,2026-06-14T16:05:04.871Z,,T02,Low,Chat,Technical Issue,Open,1.27,,
TK00203,2026-05-23T09:10:00Z,2026-05-23T11:48:15.892Z,2026-05-25T09:06:12.632Z,T02,Medium,Chat,Technical Issue,Resolved,2.64,47.94,4
TK00204,2026-07-21T10:27:00Z,2026-07-21T13:56:30.658Z,,T01,Low,Web,Delivery Question,Open,3.49,,
TK00205,2026-07-25T17:45:00Z,2026-07-26T00:50:50.499Z,2026-07-27T13:29:14.736Z,T03,Medium,Email,Billing Query,Resolved,7.1,43.74,3
TK00206,2026-06-04T18:05:00Z,2026-06-04T19:56:56.823Z,2026-06-06T11:15:21.416Z,T02,High,Chat,Technical Issue,Resolved,1.87,41.17,5
TK00207,2026-06-10T09:39:00Z,2026-06-10T11:38:15.077Z,2026-06-10T18:05:27.122Z,T01,High,Chat,Delivery Question,Resolved,1.99,8.44,5
TK00208,2026-06-01T15:30:00Z,2026-06-01T18:17:19.513Z,2026-06-03T16:13:36.968Z,T03,High,Chat,Billing Query,Resolved,2.79,48.73,3
TK00209,2026-05-22T09:25:00Z,2026-05-22T12:10:45.389Z,2026-05-22T20:35:37.029Z,T03,High,Web,Delivery Question,Resolved,2.76,11.18,4
TK00210,2026-05-13T13:43:00Z,2026-05-13T18:17:52.039Z,2026-05-15T05:18:00.348Z,T02,Low,Web,Account Access,Resolved,4.58,39.58,2
TK00211,2026-05-05T09:56:00Z,2026-05-05T12:20:21.398Z,,T01,Medium,Chat,Account Access,Pending,2.41,,
TK00212,2026-06-12T13:59:00Z,2026-06-12T21:26:16.768Z,2026-06-14T01:48:01.908Z,T04,Medium,Email,Cancellation,Resolved,7.45,35.82,4
TK00213,2026-07-21T12:03:00Z,2026-07-21T17:04:09.151Z,2026-07-23T05:19:57.721Z,T04,High,Web,Delivery Question,Resolved,5.02,41.28,5
TK00214,2026-07-17T14:06:00Z,2026-07-17T18:40:50.991Z,,T03,High,Email,Billing Query,Open,4.58,,
TK00215,2026-06-23T11:18:00Z,2026-06-23T16:47:32.618Z,2026-06-24T23:36:28.810Z,T01,Low,Web,Delivery Question,Resolved,5.49,36.31,2
TK00216,2026-06-29T16:38:00Z,2026-06-29T19:26:28.605Z,2026-06-30T12:18:31.419Z,T01,Medium,Email,Account Access,Resolved,2.81,19.68,4
TK00217,2026-07-01T12:11:00Z,2026-07-01T16:25:41.488Z,2026-07-03T15:45:08.975Z,T03,Medium,Web,Billing Query,Resolved,4.24,51.57,3
TK00218,2026-05-09T12:48:00Z,2026-05-09T18:18:07.551Z,2026-05-11T07:19:31.106Z,T04,Low,Chat,Delivery Question,Resolved,5.5,42.53,4
TK00219,2026-06-28T14:46:00Z,2026-06-28T22:54:54.950Z,,T04,Low,Web,Cancellation,Pending,8.15,,
TK00220,2026-05-15T08:20:00Z,2026-05-15T11:33:04.881Z,2026-05-16T00:43:42.712Z,T03,Urgent,Email,Billing Query,Resolved,3.22,16.4,5
TK00221,2026-06-24T15:04:00Z,2026-06-24T16:50:54.093Z,2026-06-25T04:55:53.258Z,T01,High,Email,Account Access,Resolved,1.78,13.86,5
TK00222,2026-05-16T09:13:00Z,2026-05-16T15:14:07.246Z,2026-05-16T20:59:20.418Z,T01,Low,Web,Account Access,Resolved,6.02,11.77,3
TK00223,2026-07-23T12:15:00Z,2026-07-23T16:10:01.160Z,2026-07-24T23:03:08.022Z,T03,Medium,Chat,Cancellation,Resolved,3.92,34.8,4
TK00224,2026-05-15T12:26:00Z,2026-05-15T15:37:01.658Z,2026-05-16T08:37:32.881Z,T01,Low,Phone,Account Access,Resolved,3.18,20.19,5
TK00225,2026-07-07T13:02:00Z,2026-07-07T23:57:29.335Z,,T04,Medium,Email,Cancellation,Open,10.92,,
TK00226,2026-06-24T12:21:00Z,2026-06-24T15:59:34.875Z,2026-06-27T10:00:13.843Z,T03,Medium,Chat,Billing Query,Resolved,3.64,69.65,4
TK00227,2026-06-30T18:05:00Z,2026-06-30T20:12:58.245Z,2026-07-02T08:40:12.142Z,T02,High,Chat,Technical Issue,Resolved,2.13,38.59,4
TK00228,2026-07-17T16:48:00Z,2026-07-17T20:31:19.794Z,2026-07-19T01:25:03.426Z,T04,High,Chat,Cancellation,Resolved,3.72,32.62,4
TK00229,2026-07-13T16:31:00Z,2026-07-13T20:05:50.163Z,2026-07-15T12:51:54.622Z,T03,Medium,Chat,Billing Query,Resolved,3.58,44.35,4
TK00230,2026-07-24T14:51:00Z,2026-07-24T18:36:36.257Z,2026-07-27T19:06:48.035Z,T02,Low,Web,Technical Issue,Resolved,3.76,76.26,4
TK00231,2026-06-23T15:27:00Z,2026-06-23T19:48:10.700Z,2026-06-24T08:08:52.608Z,T01,Low,Chat,Cancellation,Resolved,4.35,16.7,4
TK00232,2026-07-22T13:55:00Z,2026-07-22T18:55:42.129Z,2026-07-23T19:18:01.437Z,T03,Medium,Chat,Cancellation,Resolved,5.01,29.38,3
TK00233,2026-06-18T13:50:00Z,2026-06-19T01:01:08.390Z,2026-06-22T09:05:10.639Z,T04,Low,Chat,Technical Issue,Resolved,11.19,91.25,2
TK00234,2026-07-11T11:09:00Z,2026-07-11T14:02:01.942Z,,T01,Medium,Chat,Account Access,Open,2.88,,
TK00235,2026-07-17T17:49:00Z,2026-07-18T01:46:11.886Z,2026-07-20T03:19:20.385Z,T04,Medium,Chat,Billing Query,Resolved,7.95,57.51,3
TK00236,2026-07-06T09:29:00Z,2026-07-06T15:12:16.781Z,2026-07-07T23:01:12.670Z,T04,High,Email,Billing Query,Resolved,5.72,37.54,5
TK00237,2026-05-22T17:53:00Z,2026-05-22T22:57:28.144Z,2026-05-23T12:55:36.351Z,T03,Medium,Chat,Delivery Question,Resolved,5.07,19.04,3
TK00238,2026-05-24T09:25:00Z,2026-05-24T12:19:11.477Z,2026-05-25T12:59:18.920Z,T01,Low,Email,Technical Issue,Resolved,2.9,27.57,4
TK00239,2026-06-22T11:07:00Z,2026-06-22T14:25:10.836Z,2026-06-23T19:37:22.148Z,T04,Medium,Email,Account Access,Resolved,3.3,32.51,4
TK00240,2026-06-08T11:19:00Z,2026-06-08T18:54:26.589Z,2026-06-09T03:50:04.854Z,T01,Low,Email,Delivery Question,Resolved,7.59,16.52,4
TK00241,2026-05-16T09:18:00Z,2026-05-16T13:49:37.784Z,,T03,Medium,Chat,Billing Query,Pending,4.53,,
TK00242,2026-05-19T12:49:00Z,2026-05-19T19:35:32.513Z,2026-05-20T19:16:07.126Z,T03,Low,Email,Billing Query,Resolved,6.78,30.45,2
TK00243,2026-07-01T16:12:00Z,2026-07-01T20:41:47.439Z,2026-07-03T01:11:58.341Z,T01,Low,Chat,Technical Issue,Resolved,4.5,33,3
TK00244,2026-07-05T12:32:00Z,2026-07-05T14:38:30.045Z,,T04,Urgent,Chat,Cancellation,Pending,2.11,,
TK00245,2026-05-27T12:41:00Z,2026-05-27T15:01:36.806Z,2026-05-28T03:15:43.767Z,T01,Medium,Chat,Account Access,Resolved,2.34,14.58,5
TK00246,2026-06-15T08:58:00Z,2026-06-15T12:57:32.903Z,2026-06-18T06:52:18.518Z,T02,Medium,Web,Technical Issue,Resolved,3.99,69.91,3
TK00247,2026-06-05T09:23:00Z,2026-06-05T14:02:23.998Z,2026-06-07T03:06:27.371Z,T03,Medium,Chat,Cancellation,Resolved,4.66,41.72,1
TK00248,2026-06-25T18:52:00Z,2026-06-25T22:44:58.529Z,2026-06-26T12:24:57.220Z,T01,Medium,Email,Account Access,Resolved,3.88,17.55,3
TK00249,2026-05-14T13:28:00Z,2026-05-14T17:45:15.273Z,2026-05-16T18:37:58.241Z,T04,Medium,Chat,Cancellation,Resolved,4.29,53.17,3
TK00250,2026-05-20T17:36:00Z,2026-05-20T22:28:28.341Z,,T04,Medium,Chat,Cancellation,Open,4.87,,
TK00251,2026-06-06T17:10:00Z,2026-06-06T21:54:14.798Z,2026-06-07T12:35:17.319Z,T01,Medium,Email,Account Access,Resolved,4.74,19.42,4
TK00252,2026-06-15T15:01:00Z,2026-06-15T19:06:39.647Z,2026-06-16T16:25:39.183Z,T03,High,Email,Billing Query,Resolved,4.09,25.41,4
TK00253,2026-07-07T15:43:00Z,2026-07-07T18:32:20.139Z,2026-07-09T01:30:12.020Z,T03,High,Chat,Billing Query,Resolved,2.82,33.79,3
TK00254,2026-06-25T13:04:00Z,2026-06-25T18:44:58.605Z,2026-06-27T20:06:05.786Z,T02,Low,Email,Technical Issue,Resolved,5.68,55.03,2
TK00255,2026-06-06T14:47:00Z,2026-06-06T17:18:47.683Z,,T02,Low,Phone,Technical Issue,Open,2.53,,
TK00256,2026-07-08T08:54:00Z,2026-07-08T13:36:21.385Z,2026-07-10T07:50:13.287Z,T04,High,Web,Cancellation,Resolved,4.71,46.94,5
TK00257,2026-07-02T09:26:00Z,2026-07-02T11:49:58.725Z,2026-07-03T02:52:23.720Z,T02,Urgent,Web,Technical Issue,Resolved,2.4,17.44,5
TK00258,2026-05-12T18:45:00Z,2026-05-12T21:07:54.807Z,2026-05-14T07:12:43.586Z,T01,Low,Chat,Technical Issue,Resolved,2.38,36.46,3
TK00259,2026-06-24T10:44:00Z,2026-06-24T15:31:36.268Z,,T03,Medium,Chat,Billing Query,Open,4.79,,
TK00260,2026-06-06T12:12:00Z,2026-06-06T14:12:45.665Z,,T03,Medium,Phone,Billing Query,Open,2.01,,
TK00261,2026-06-30T09:34:00Z,2026-06-30T16:08:04.440Z,,T01,Medium,Email,Technical Issue,Open,6.57,,
TK00262,2026-06-02T16:06:00Z,2026-06-02T21:03:52.451Z,2026-06-03T21:01:52.066Z,T04,Medium,Chat,Delivery Question,Resolved,4.96,28.93,5
TK00263,2026-07-13T14:23:00Z,2026-07-13T16:34:18.958Z,2026-07-15T19:19:34.791Z,T02,High,Chat,Technical Issue,Resolved,2.19,52.94,4
TK00264,2026-07-25T09:14:00Z,2026-07-25T11:12:35.419Z,,T02,High,Email,Technical Issue,Pending,1.98,,
TK00265,2026-06-05T11:10:00Z,2026-06-05T15:31:17.927Z,2026-06-06T02:06:31.204Z,T04,High,Email,Cancellation,Resolved,4.35,14.94,4
TK00266,2026-06-13T14:23:00Z,2026-06-13T18:03:03.166Z,2026-06-14T13:22:40.616Z,T01,Medium,Chat,Delivery Question,Resolved,3.67,22.99,5
TK00267,2026-07-21T13:39:00Z,2026-07-21T17:14:10.927Z,2026-07-25T01:03:46.233Z,T04,Medium,Web,Cancellation,Resolved,3.59,83.41,3
TK00268,2026-07-26T09:50:00Z,2026-07-26T13:50:08.348Z,2026-07-27T10:20:34.074Z,T03,Urgent,Web,Billing Query,Resolved,4,24.51,5
TK00269,2026-05-04T12:32:00Z,2026-05-04T15:56:28.516Z,2026-05-05T07:57:00.097Z,T01,Medium,Chat,Delivery Question,Resolved,3.41,19.42,5
TK00270,2026-05-06T16:32:00Z,2026-05-06T21:14:53.967Z,2026-05-08T21:21:23.533Z,T04,Medium,Phone,Cancellation,Resolved,4.71,52.82,2
TK00271,2026-05-30T11:42:00Z,2026-05-30T14:04:57.406Z,2026-05-30T20:20:43.506Z,T01,Low,Chat,Account Access,Resolved,2.38,8.65,4
TK00272,2026-07-18T15:03:00Z,2026-07-18T19:24:36.125Z,2026-07-19T10:35:52.395Z,T01,Low,Email,Account Access,Resolved,4.36,19.55,5
TK00273,2026-07-10T17:53:00Z,2026-07-10T22:04:53.211Z,,T02,Medium,Web,Technical Issue,Open,4.2,,
TK00274,2026-06-18T15:24:00Z,2026-06-18T17:16:37.298Z,2026-06-19T05:42:47.183Z,T01,Medium,Chat,Account Access,Resolved,1.88,14.31,4
TK00275,2026-07-26T17:19:00Z,2026-07-26T20:01:52.811Z,2026-07-29T03:19:53.064Z,T03,Low,Phone,Billing Query,Resolved,2.71,58.01,3
TK00276,2026-07-25T11:04:00Z,2026-07-25T14:04:16.829Z,2026-07-26T02:36:06.085Z,T01,Low,Chat,Account Access,Resolved,3,15.54,5
TK00277,2026-07-20T17:19:00Z,2026-07-20T23:02:46.417Z,,T03,Medium,Web,Cancellation,Open,5.73,,
TK00278,2026-07-05T10:32:00Z,2026-07-05T13:45:50.340Z,2026-07-05T14:49:18.790Z,T02,Medium,Web,Technical Issue,Resolved,3.23,4.29,4
TK00279,2026-07-17T11:26:00Z,2026-07-17T17:07:19.679Z,2026-07-18T20:03:02.220Z,T02,Low,Email,Account Access,Resolved,5.69,32.62,4
TK00280,2026-07-04T18:48:00Z,2026-07-05T00:09:40.523Z,2026-07-07T01:01:05.653Z,T04,Low,Chat,Technical Issue,Resolved,5.36,54.22,4
TK00281,2026-07-22T12:55:00Z,2026-07-22T14:13:31.368Z,2026-07-25T09:31:23.712Z,T02,Low,Chat,Technical Issue,Resolved,1.31,68.61,3
TK00282,2026-06-06T08:01:00Z,2026-06-06T16:10:53.901Z,2026-06-07T19:35:51.755Z,T04,Low,Email,Delivery Question,Resolved,8.16,35.58,4
TK00283,2026-07-09T10:28:00Z,2026-07-09T13:58:49.977Z,2026-07-09T21:30:39.389Z,T04,Urgent,Web,Account Access,Resolved,3.51,11.04,5
TK00284,2026-06-03T17:25:00Z,2026-06-03T21:22:46.606Z,2026-06-04T11:43:33.604Z,T01,Medium,Chat,Technical Issue,Resolved,3.96,18.31,4
TK00285,2026-06-15T09:13:00Z,2026-06-15T12:21:16.982Z,2026-06-17T18:51:34.833Z,T02,High,Web,Technical Issue,Resolved,3.14,57.64,3
TK00286,2026-06-17T12:01:00Z,2026-06-17T14:01:01.631Z,2026-06-18T02:19:28.749Z,T01,Low,Phone,Account Access,Resolved,2,14.31,5
TK00287,2026-07-13T09:20:00Z,2026-07-13T11:47:19.261Z,2026-07-13T16:33:20.181Z,T01,Urgent,Email,Account Access,Resolved,2.46,7.22,5
TK00288,2026-06-02T12:41:00Z,2026-06-02T16:42:11.376Z,2026-06-04T04:27:47.679Z,T04,High,Web,Delivery Question,Resolved,4.02,39.78,4
TK00289,2026-06-28T13:24:00Z,2026-06-28T21:44:17.344Z,2026-07-01T05:19:30.696Z,T04,Low,Email,Delivery Question,Resolved,8.34,63.93,3
TK00290,2026-05-24T08:48:00Z,2026-05-24T09:38:02.168Z,2026-05-24T18:31:21.689Z,T01,Urgent,Phone,Delivery Question,Resolved,0.83,9.72,5
TK00291,2026-05-11T16:39:00Z,2026-05-11T19:41:07.458Z,2026-05-12T23:01:46.563Z,T03,High,Chat,Billing Query,Resolved,3.04,30.38,4
TK00292,2026-06-08T11:47:00Z,2026-06-08T14:52:30.187Z,2026-06-09T20:10:14.430Z,T04,High,Chat,Delivery Question,Resolved,3.09,32.39,5
TK00293,2026-07-19T13:32:00Z,2026-07-19T15:45:51.649Z,2026-07-20T11:34:47.629Z,T02,Medium,Email,Account Access,Resolved,2.23,22.05,5
TK00294,2026-05-15T08:10:00Z,2026-05-15T10:23:20.165Z,2026-05-17T19:14:52.154Z,T02,Low,Chat,Technical Issue,Resolved,2.22,59.08,4
TK00295,2026-05-19T08:29:00Z,2026-05-19T11:57:24.414Z,2026-05-21T06:21:31.953Z,T02,Medium,Chat,Technical Issue,Resolved,3.47,45.88,3
TK00296,2026-05-29T08:21:00Z,2026-05-29T14:17:18.539Z,,T03,Low,Chat,Billing Query,Open,5.94,,
TK00297,2026-06-21T17:14:00Z,2026-06-21T22:35:50.762Z,2026-06-23T22:52:11.421Z,T03,Low,Phone,Billing Query,Resolved,5.36,53.64,3
TK00298,2026-05-15T09:45:00Z,2026-05-15T19:22:19.964Z,2026-05-17T08:46:10.300Z,T04,Low,Email,Delivery Question,Resolved,9.62,47.02,4
TK00299,2026-06-10T12:28:00Z,2026-06-10T15:41:21.208Z,2026-06-12T10:04:31.586Z,T03,Medium,Email,Billing Query,Resolved,3.22,45.61,4
TK00300,2026-06-05T09:50:00Z,2026-06-05T15:07:16.138Z,2026-06-07T02:00:35.442Z,T03,Medium,Chat,Delivery Question,Resolved,5.29,40.18,3
TK00301,2026-06-26T15:36:00Z,2026-06-26T19:09:50.735Z,2026-06-30T04:05:57.956Z,T03,Medium,Chat,Billing Query,Resolved,3.56,84.5,5
TK00302,2026-07-24T09:54:00Z,2026-07-24T13:01:52.085Z,,T03,Medium,Web,Cancellation,Pending,3.13,,
TK00303,2026-07-12T14:37:00Z,2026-07-12T16:57:30.719Z,2026-07-13T07:07:02.183Z,T02,Medium,Phone,Technical Issue,Resolved,2.34,16.5,5
TK00304,2026-06-04T15:10:00Z,2026-06-04T22:20:01.761Z,2026-06-10T01:58:10.963Z,T04,Low,Email,Technical Issue,Resolved,7.17,130.8,3
TK00305,2026-07-25T16:24:00Z,2026-07-25T23:50:50.306Z,2026-07-26T20:08:20.985Z,T04,Medium,Web,Delivery Question,Resolved,7.45,27.74,3
TK00306,2026-06-15T08:13:00Z,2026-06-15T11:59:38.877Z,2026-06-17T19:39:01.635Z,T04,Medium,Chat,Delivery Question,Resolved,3.78,59.43,4
TK00307,2026-06-22T16:03:00Z,2026-06-22T20:17:31.057Z,,T03,Low,Email,Billing Query,Pending,4.24,,
TK00308,2026-06-21T10:20:00Z,2026-06-21T18:01:21.521Z,,T03,Medium,Email,Cancellation,Pending,7.69,,
TK00309,2026-06-28T16:47:00Z,2026-06-28T22:42:01.783Z,2026-07-02T15:00:02.786Z,T03,Medium,Email,Billing Query,Resolved,5.92,94.22,3
TK00310,2026-05-11T13:57:00Z,2026-05-11T15:15:52.873Z,2026-05-13T18:46:59.913Z,T02,Medium,Phone,Technical Issue,Resolved,1.31,52.83,3
TK00311,2026-05-19T10:14:00Z,2026-05-19T12:31:21.091Z,2026-05-21T09:15:15.159Z,T02,Medium,Chat,Technical Issue,Resolved,2.29,47.02,3
TK00312,2026-07-11T10:36:00Z,2026-07-11T14:33:37.235Z,,T01,Medium,Web,Account Access,Open,3.96,,
TK00313,2026-07-10T14:14:00Z,2026-07-10T17:46:03.147Z,2026-07-10T21:25:47.608Z,T01,High,Web,Account Access,Resolved,3.53,7.2,5
TK00314,2026-07-22T18:02:00Z,2026-07-23T00:45:39.456Z,2026-07-24T11:46:56.668Z,T04,High,Email,Technical Issue,Resolved,6.73,41.75,4
TK00315,2026-05-22T10:35:00Z,2026-05-22T11:46:52.092Z,,T01,Medium,Chat,Billing Query,Open,1.2,,
TK00316,2026-07-16T08:49:00Z,2026-07-16T12:22:18.790Z,,T01,High,Web,Delivery Question,Open,3.56,,
TK00317,2026-06-25T16:48:00Z,2026-06-25T21:29:36.174Z,2026-06-27T10:33:27.450Z,T03,Medium,Email,Delivery Question,Resolved,4.69,41.76,4
TK00318,2026-05-14T10:42:00Z,2026-05-14T12:08:28.195Z,2026-05-15T09:39:47.887Z,T04,High,Chat,Delivery Question,Resolved,1.44,22.96,5
TK00319,2026-05-05T14:44:00Z,2026-05-05T16:21:44.259Z,2026-05-06T05:55:19.343Z,T01,Urgent,Chat,Technical Issue,Resolved,1.63,15.19,5
TK00320,2026-06-10T18:31:00Z,2026-06-10T22:48:45.301Z,2026-06-11T21:05:40.730Z,T02,Low,Web,Technical Issue,Resolved,4.3,26.58,3
TK00321,2026-07-21T14:01:00Z,2026-07-21T21:24:14.290Z,2026-07-23T14:17:14.114Z,T04,Low,Email,Delivery Question,Resolved,7.39,48.27,4
TK00322,2026-07-18T15:16:00Z,2026-07-18T21:32:48.526Z,2026-07-19T16:10:36.865Z,T01,Medium,Email,Billing Query,Resolved,6.28,24.91,3
TK00323,2026-05-11T13:15:00Z,2026-05-11T18:02:25.033Z,,T01,Medium,Email,Technical Issue,Open,4.79,,
TK00324,2026-07-12T08:31:00Z,2026-07-12T11:56:37.682Z,,T03,Medium,Chat,Billing Query,Pending,3.43,,
TK00325,2026-07-08T11:01:00Z,2026-07-08T12:46:06.280Z,,T01,Urgent,Phone,Account Access,Pending,1.75,,
TK00326,2026-06-05T11:35:00Z,2026-06-05T16:33:33.637Z,2026-06-08T03:41:24.795Z,T03,Medium,Chat,Billing Query,Resolved,4.98,64.11,3
TK00327,2026-05-16T18:11:00Z,2026-05-16T22:30:29.525Z,2026-05-18T13:18:15.359Z,T03,High,Web,Billing Query,Resolved,4.32,43.12,2
TK00328,2026-06-17T09:24:00Z,2026-06-17T12:11:44.518Z,2026-06-18T07:01:40.418Z,T01,Medium,Email,Account Access,Resolved,2.8,21.63,4
TK00329,2026-07-09T09:25:00Z,2026-07-09T13:19:05.148Z,,T01,Low,Email,Billing Query,Pending,3.9,,
TK00330,2026-07-10T13:34:00Z,2026-07-10T16:31:24.839Z,,T02,Low,Email,Account Access,Pending,2.96,,
TK00331,2026-05-04T12:46:00Z,2026-05-04T18:59:12.616Z,2026-05-05T01:12:08.681Z,T01,Medium,Email,Account Access,Resolved,6.22,12.44,5
TK00332,2026-06-17T15:39:00Z,2026-06-17T19:55:39.829Z,2026-06-21T05:57:56.536Z,T02,Low,Web,Technical Issue,Resolved,4.28,86.32,2
TK00333,2026-07-06T08:31:00Z,2026-07-06T15:04:22.796Z,2026-07-07T01:15:01.512Z,T01,Low,Web,Technical Issue,Resolved,6.56,16.73,4
TK00334,2026-06-16T16:11:00Z,2026-06-16T20:27:52.995Z,2026-06-18T04:41:20.398Z,T03,High,Email,Billing Query,Resolved,4.28,36.51,4
TK00335,2026-07-11T12:04:00Z,2026-07-11T15:57:11.993Z,2026-07-12T23:00:44.094Z,T02,High,Web,Technical Issue,Resolved,3.89,34.95,4
TK00336,2026-05-14T17:26:00Z,2026-05-14T20:46:42.148Z,2026-05-16T02:42:54.517Z,T02,Medium,Web,Technical Issue,Resolved,3.35,33.28,4
TK00337,2026-05-29T18:57:00Z,2026-05-29T22:46:53.428Z,2026-05-31T02:48:27.825Z,T01,Low,Email,Delivery Question,Resolved,3.83,31.86,4
TK00338,2026-07-18T09:47:00Z,2026-07-18T16:32:09.302Z,,T03,Medium,Email,Billing Query,Pending,6.75,,
TK00339,2026-07-11T15:23:00Z,2026-07-11T17:01:00.729Z,2026-07-12T14:37:27.842Z,T01,Medium,Chat,Delivery Question,Resolved,1.63,23.24,5
TK00340,2026-05-29T10:32:00Z,2026-05-29T13:22:54.722Z,2026-06-02T02:31:02.576Z,T02,Low,Email,Technical Issue,Resolved,2.85,87.98,4
TK00341,2026-06-18T10:02:00Z,2026-06-18T18:27:55.833Z,2026-06-19T20:33:38.903Z,T04,High,Web,Delivery Question,Resolved,8.43,34.53,4
TK00342,2026-06-05T11:45:00Z,2026-06-05T15:05:49.772Z,2026-06-09T03:43:13.451Z,T02,Low,Chat,Technical Issue,Resolved,3.35,87.97,2
TK00343,2026-06-05T14:54:00Z,2026-06-05T19:04:51.689Z,2026-06-06T18:13:56.151Z,T04,Low,Email,Delivery Question,Resolved,4.18,27.33,5
TK00344,2026-05-07T10:24:00Z,2026-05-07T15:59:03.804Z,2026-05-08T18:14:05.259Z,T03,Medium,Web,Cancellation,Resolved,5.58,31.83,2
TK00345,2026-06-02T18:26:00Z,2026-06-02T20:03:04.708Z,2026-06-03T20:38:32.191Z,T02,Medium,Phone,Technical Issue,Resolved,1.62,26.21,5
TK00346,2026-05-04T16:44:00Z,2026-05-04T22:33:05.973Z,2026-05-07T00:27:45.218Z,T03,Low,Email,Billing Query,Resolved,5.82,55.73,2
TK00347,2026-05-20T11:55:00Z,2026-05-20T16:53:04.374Z,2026-05-22T13:22:40.150Z,T04,High,Web,Billing Query,Resolved,4.97,49.46,4
TK00348,2026-06-30T11:48:00Z,2026-06-30T18:04:36.939Z,2026-07-02T01:38:49.780Z,T04,Medium,Chat,Account Access,Resolved,6.28,37.85,4
TK00349,2026-07-20T17:31:00Z,2026-07-20T21:38:50.893Z,,T04,Medium,Chat,Delivery Question,Open,4.13,,
TK00350,2026-05-31T08:55:00Z,2026-05-31T13:14:36.637Z,,T03,Low,Phone,Billing Query,Pending,4.33,,
TK00351,2026-05-18T17:57:00Z,2026-05-19T01:02:19.103Z,2026-05-21T11:04:56.770Z,T03,Low,Email,Billing Query,Resolved,7.09,65.13,2
TK00352,2026-05-20T15:27:00Z,2026-05-20T18:51:33.632Z,2026-05-22T05:53:34.124Z,T04,Medium,Phone,Delivery Question,Resolved,3.41,38.44,3
TK00353,2026-07-26T15:59:00Z,2026-07-26T19:03:57.108Z,2026-07-27T08:41:04.087Z,T01,Medium,Phone,Delivery Question,Resolved,3.08,16.7,5
TK00354,2026-07-05T09:11:00Z,2026-07-05T12:49:16.575Z,2026-07-08T15:01:05.515Z,T03,Medium,Phone,Billing Query,Resolved,3.64,77.83,4
TK00355,2026-06-16T09:54:00Z,2026-06-16T16:58:05.033Z,2026-06-18T20:37:02.226Z,T03,Low,Phone,Billing Query,Resolved,7.07,58.72,2
TK00356,2026-07-08T12:36:00Z,2026-07-08T17:51:44.956Z,2026-07-11T08:12:27.024Z,T03,Low,Chat,Billing Query,Resolved,5.26,67.61,3
TK00357,2026-07-10T10:47:00Z,2026-07-10T15:12:35.786Z,2026-07-12T05:09:13.398Z,T02,Medium,Email,Technical Issue,Resolved,4.43,42.37,4
TK00358,2026-05-27T16:33:00Z,2026-05-27T21:55:42.108Z,2026-05-29T21:45:02.983Z,T03,Medium,Web,Billing Query,Resolved,5.38,53.2,2
TK00359,2026-07-05T15:59:00Z,2026-07-05T23:53:05.615Z,2026-07-07T01:46:00.558Z,T04,Medium,Chat,Cancellation,Resolved,7.9,33.78,4
TK00360,2026-07-19T17:29:00Z,2026-07-20T03:36:14.973Z,2026-07-21T19:02:11.900Z,T04,Low,Email,Delivery Question,Resolved,10.12,49.55,3
TK00361,2026-05-20T17:08:00Z,2026-05-20T22:43:02.617Z,2026-05-21T22:49:23.042Z,T03,High,Email,Billing Query,Resolved,5.58,29.69,4
TK00362,2026-05-30T18:22:00Z,2026-05-30T21:55:53.503Z,2026-05-31T20:15:38.099Z,T03,High,Email,Billing Query,Resolved,3.56,25.89,5
TK00363,2026-06-23T09:02:00Z,2026-06-23T18:55:18.872Z,,T04,Medium,Web,Technical Issue,Open,9.89,,
TK00364,2026-05-17T10:24:00Z,2026-05-17T13:29:32.509Z,2026-05-18T05:37:00.525Z,T02,High,Email,Technical Issue,Resolved,3.09,19.22,4
TK00365,2026-06-21T11:26:00Z,2026-06-21T18:20:57.828Z,,T04,Medium,Chat,Account Access,Open,6.92,,
TK00366,2026-05-20T08:57:00Z,2026-05-20T14:48:26.711Z,2026-05-21T19:58:10.272Z,T01,Low,Email,Delivery Question,Resolved,5.86,35.02,3
TK00367,2026-06-18T09:25:00Z,2026-06-18T10:48:34.701Z,2026-06-18T23:50:28.811Z,T02,Urgent,Chat,Technical Issue,Resolved,1.39,14.42,4
TK00368,2026-06-04T16:49:00Z,2026-06-04T20:03:35.874Z,2026-06-05T21:09:31.672Z,T04,High,Phone,Delivery Question,Resolved,3.24,28.34,5
TK00369,2026-05-17T17:22:00Z,2026-05-17T20:20:00.419Z,2026-05-19T17:09:14.080Z,T03,Medium,Email,Billing Query,Resolved,2.97,47.79,5
TK00370,2026-07-20T18:20:00Z,2026-07-20T21:14:06.353Z,2026-07-22T03:46:41.159Z,T01,Low,Chat,Cancellation,Resolved,2.9,33.44,3
TK00371,2026-05-19T10:13:00Z,2026-05-19T15:07:11.239Z,2026-05-21T12:49:19.602Z,T03,Medium,Email,Billing Query,Resolved,4.9,50.61,2
TK00372,2026-07-06T17:45:00Z,2026-07-06T20:06:46.105Z,2026-07-07T22:12:15.494Z,T01,Medium,Chat,Cancellation,Resolved,2.36,28.45,3
TK00373,2026-05-07T15:46:00Z,2026-05-07T18:17:47.614Z,2026-05-09T06:07:09.597Z,T01,Medium,Web,Billing Query,Resolved,2.53,38.35,4
TK00374,2026-05-25T10:29:00Z,2026-05-25T14:52:05.795Z,2026-05-27T18:42:42.395Z,T03,Medium,Web,Billing Query,Resolved,4.38,56.23,2
TK00375,2026-06-25T15:48:00Z,2026-06-25T17:33:57.864Z,2026-06-29T20:22:33.605Z,T02,Medium,Email,Technical Issue,Resolved,1.77,100.58,3
TK00376,2026-06-02T11:15:00Z,2026-06-02T13:56:07.480Z,,T01,Medium,Web,Delivery Question,Open,2.69,,
TK00377,2026-05-12T14:59:00Z,2026-05-12T19:23:02.358Z,2026-05-13T19:47:51.067Z,T02,Medium,Web,Account Access,Resolved,4.4,28.81,4
TK00378,2026-05-11T18:18:00Z,2026-05-11T23:36:37.077Z,,T03,Medium,Web,Billing Query,Pending,5.31,,
TK00379,2026-07-11T12:01:00Z,2026-07-11T13:40:16.968Z,2026-07-12T12:15:47.908Z,T02,High,Chat,Account Access,Resolved,1.65,24.25,5
TK00380,2026-05-25T10:07:00Z,2026-05-25T15:16:40.628Z,2026-05-29T13:29:01.280Z,T04,Low,Email,Billing Query,Resolved,5.16,99.37,4
TK00381,2026-05-26T16:12:00Z,2026-05-26T19:55:04.717Z,2026-05-27T17:40:47.915Z,T01,Medium,Email,Technical Issue,Resolved,3.72,25.48,3
TK00382,2026-06-27T15:08:00Z,2026-06-27T18:39:30.901Z,2026-06-28T13:15:44.861Z,T01,Medium,Web,Account Access,Resolved,3.53,22.13,5
TK00383,2026-05-07T09:20:00Z,2026-05-07T11:22:40.313Z,2026-05-08T00:54:06.378Z,T01,High,Chat,Delivery Question,Resolved,2.04,15.57,3
TK00384,2026-06-08T09:25:00Z,2026-06-08T11:52:02.798Z,2026-06-08T19:36:56.802Z,T01,Medium,Email,Account Access,Resolved,2.45,10.2,5
TK00385,2026-06-21T10:16:00Z,2026-06-21T19:00:54.326Z,2026-06-22T22:15:59.110Z,T03,Medium,Web,Delivery Question,Resolved,8.75,36,4
TK00386,2026-07-23T12:04:00Z,2026-07-23T13:44:02.343Z,2026-07-24T11:50:04.727Z,T04,Medium,Phone,Cancellation,Resolved,1.67,23.77,5
TK00387,2026-06-21T08:44:00Z,2026-06-21T13:04:18.160Z,2026-06-22T19:00:07.759Z,T01,Low,Email,Delivery Question,Resolved,4.34,34.27,2
TK00388,2026-05-17T11:01:00Z,2026-05-17T12:49:40.824Z,2026-05-18T05:16:30.031Z,T01,High,Email,Technical Issue,Resolved,1.81,18.26,5
TK00389,2026-07-13T17:30:00Z,2026-07-13T21:42:06.040Z,2026-07-16T04:54:09.034Z,T02,Medium,Email,Technical Issue,Resolved,4.2,59.4,3
TK00390,2026-05-29T14:45:00Z,2026-05-30T02:11:43.252Z,2026-06-01T15:51:38.771Z,T04,Low,Email,Cancellation,Resolved,11.45,73.11,3
TK00391,2026-05-22T08:46:00Z,2026-05-22T10:44:47.886Z,2026-05-23T05:19:12.660Z,T01,Medium,Chat,Account Access,Resolved,1.98,20.55,5
TK00392,2026-05-29T16:23:00Z,2026-05-29T18:26:41.473Z,2026-05-30T02:08:33.333Z,T01,High,Web,Account Access,Resolved,2.06,9.76,4
TK00393,2026-07-15T08:22:00Z,2026-07-15T17:37:00.169Z,2026-07-17T11:06:33.006Z,T04,Low,Web,Cancellation,Resolved,9.25,50.74,2
TK00394,2026-05-26T18:14:00Z,2026-05-26T20:51:47.573Z,2026-05-29T04:26:49.457Z,T02,Medium,Email,Technical Issue,Resolved,2.63,58.21,4
TK00395,2026-06-27T17:32:00Z,2026-06-27T22:51:59.305Z,2026-06-30T19:53:39.692Z,T02,Low,Web,Technical Issue,Resolved,5.33,74.36,3
TK00396,2026-07-23T17:17:00Z,2026-07-23T22:25:24.091Z,2026-07-26T16:18:47.761Z,T03,Medium,Email,Billing Query,Resolved,5.14,71.03,3
TK00397,2026-07-26T14:59:00Z,2026-07-26T18:53:00.860Z,2026-07-28T03:40:00.030Z,T02,Low,Email,Account Access,Resolved,3.9,36.68,3
TK00398,2026-07-01T12:42:00Z,2026-07-01T15:19:19.542Z,2026-07-03T01:14:36.858Z,T02,Medium,Web,Technical Issue,Resolved,2.62,36.54,3
TK00399,2026-05-13T16:31:00Z,2026-05-13T21:23:30.576Z,2026-05-14T23:00:04.456Z,T01,Low,Email,Technical Issue,Resolved,4.88,30.48,2
TK00400,2026-07-10T18:52:00Z,2026-07-10T23:26:49.007Z,2026-07-13T06:41:07.585Z,T04,High,Chat,Technical Issue,Resolved,4.58,59.82,5
TK00401,2026-06-08T09:50:00Z,2026-06-08T12:47:01.027Z,2026-06-09T23:27:56.830Z,T01,Medium,Email,Technical Issue,Resolved,2.95,37.63,4
TK00402,2026-06-13T14:09:00Z,2026-06-13T16:54:33.826Z,2026-06-14T03:20:31.509Z,T03,High,Chat,Billing Query,Resolved,2.76,13.19,5
TK00403,2026-07-20T13:40:00Z,2026-07-20T21:36:55.972Z,2026-07-21T12:22:29Z,T01,Low,Web,Account Access,Resolved,7.95,22.71,4
TK00404,2026-07-15T17:33:00Z,2026-07-15T18:59:24.886Z,2026-07-16T06:00:42.665Z,T01,High,Phone,Cancellation,Resolved,1.44,12.46,5
TK00405,2026-06-04T13:51:00Z,2026-06-04T19:30:40.730Z,2026-06-06T06:40:20.176Z,T03,Medium,Email,Billing Query,Resolved,5.66,40.82,3
TK00406,2026-06-24T11:00:00Z,2026-06-24T13:38:32.975Z,2026-06-25T08:48:17.867Z,T03,Urgent,Chat,Billing Query,Resolved,2.64,21.8,4
TK00407,2026-07-16T16:52:00Z,2026-07-16T18:57:38.393Z,2026-07-18T08:23:16.844Z,T03,High,Email,Billing Query,Resolved,2.09,39.52,4
TK00408,2026-06-02T08:46:00Z,2026-06-02T10:55:27.334Z,2026-06-03T23:57:08.875Z,T02,High,Chat,Technical Issue,Resolved,2.16,39.19,5
TK00409,2026-05-14T15:44:00Z,2026-05-14T21:06:10.084Z,2026-05-15T05:14:08.649Z,T01,Medium,Email,Delivery Question,Resolved,5.37,13.5,3
TK00410,2026-06-20T15:27:00Z,2026-06-20T19:29:18.294Z,2026-06-22T05:48:04.615Z,T04,Medium,Phone,Account Access,Resolved,4.04,38.35,5
TK00411,2026-05-31T08:41:00Z,2026-05-31T17:06:19.206Z,2026-06-02T22:52:25.825Z,T03,Medium,Email,Billing Query,Resolved,8.42,62.19,3
TK00412,2026-05-09T13:25:00Z,2026-05-09T16:12:29.575Z,2026-05-11T00:09:08.469Z,T02,Low,Email,Technical Issue,Resolved,2.79,34.74,5
TK00413,2026-07-05T09:37:00Z,2026-07-05T15:36:53.197Z,2026-07-07T02:30:28.273Z,T01,Low,Web,Cancellation,Resolved,6,40.89,4
TK00414,2026-07-26T17:38:00Z,2026-07-26T20:23:30.621Z,2026-07-31T04:34:38.825Z,T02,Low,Phone,Technical Issue,Resolved,2.76,106.94,4
TK00415,2026-05-16T17:29:00Z,2026-05-16T20:44:19.827Z,2026-05-19T16:44:58.634Z,T02,Medium,Chat,Technical Issue,Resolved,3.26,71.27,2
TK00416,2026-07-20T11:15:00Z,2026-07-20T12:48:03.654Z,2026-07-21T05:20:39.298Z,T02,Medium,Email,Account Access,Resolved,1.55,18.09,4
TK00417,2026-07-09T18:03:00Z,2026-07-10T00:16:11.623Z,2026-07-10T05:14:59.509Z,T01,Low,Email,Account Access,Resolved,6.22,11.2,4
TK00418,2026-07-02T14:36:00Z,2026-07-02T19:37:43.480Z,2026-07-06T12:27:21.569Z,T04,Low,Phone,Technical Issue,Resolved,5.03,93.86,3
TK00419,2026-06-21T10:43:00Z,2026-06-21T14:21:24.434Z,2026-06-23T02:51:06.521Z,T02,Medium,Chat,Technical Issue,Resolved,3.64,40.14,3
TK00420,2026-07-19T18:01:00Z,2026-07-19T18:57:36.579Z,2026-07-20T14:44:38.824Z,T03,High,Email,Billing Query,Resolved,0.94,20.73,5
TK00421,2026-06-29T12:16:00Z,2026-06-29T15:39:06.318Z,2026-07-03T03:15:21.466Z,T02,Medium,Email,Technical Issue,Resolved,3.39,86.99,1
TK00422,2026-05-09T08:09:00Z,2026-05-09T13:13:47.017Z,2026-05-10T23:54:53.362Z,T03,Medium,Email,Billing Query,Resolved,5.08,39.76,2
TK00423,2026-06-30T17:42:00Z,2026-06-30T23:15:13.535Z,2026-07-01T20:18:24.956Z,T01,Medium,Email,Delivery Question,Resolved,5.55,26.61,4
TK00424,2026-05-26T18:24:00Z,2026-05-26T22:18:01.811Z,2026-05-29T09:08:26.453Z,T02,Medium,Email,Technical Issue,Resolved,3.9,62.74,4
TK00425,2026-07-21T16:47:00Z,2026-07-21T20:11:21.666Z,,T02,Low,Chat,Technical Issue,Open,3.41,,
TK00426,2026-05-31T14:30:00Z,2026-05-31T18:54:49.399Z,2026-06-02T19:39:38.209Z,T02,Low,Email,Technical Issue,Resolved,4.41,53.16,2
TK00427,2026-05-23T13:52:00Z,2026-05-23T17:18:35.984Z,,T03,High,Chat,Billing Query,Pending,3.44,,
TK00428,2026-06-07T11:42:00Z,2026-06-07T17:22:46.746Z,2026-06-09T05:28:21.629Z,T04,Medium,Web,Cancellation,Resolved,5.68,41.77,4
TK00429,2026-05-10T16:04:00Z,2026-05-10T21:28:21.662Z,2026-05-12T05:19:05.641Z,T03,Medium,Email,Billing Query,Resolved,5.41,37.25,3
TK00430,2026-07-22T17:57:00Z,2026-07-22T21:43:24.312Z,2026-07-23T07:52:25.088Z,T01,Low,Chat,Account Access,Resolved,3.77,13.92,4
TK00431,2026-06-25T09:22:00Z,2026-06-25T12:34:03.557Z,2026-06-27T03:16:25.303Z,T03,Medium,Chat,Billing Query,Resolved,3.2,41.91,5
TK00432,2026-06-10T14:37:00Z,2026-06-10T16:15:40.691Z,,T01,High,Phone,Delivery Question,Open,1.64,,
TK00433,2026-07-03T15:43:00Z,2026-07-03T20:59:26.863Z,2026-07-05T09:29:33.973Z,T03,Medium,Chat,Billing Query,Resolved,5.27,41.78,4
TK00434,2026-06-08T17:40:00Z,2026-06-08T21:42:48.773Z,2026-06-09T07:19:09.014Z,T01,Medium,Email,Delivery Question,Resolved,4.05,13.65,4
TK00435,2026-05-06T17:52:00Z,2026-05-06T20:18:30.224Z,,T01,High,Chat,Account Access,Open,2.44,,
TK00436,2026-05-31T16:41:00Z,2026-05-31T20:22:41.234Z,,T03,Low,Chat,Billing Query,Open,3.69,,
TK00437,2026-06-23T10:43:00Z,2026-06-23T16:16:29.978Z,2026-06-24T11:19:47.813Z,T01,Medium,Email,Account Access,Resolved,5.56,24.61,3
TK00438,2026-06-10T18:39:00Z,2026-06-10T22:52:36.507Z,2026-06-11T17:26:35.699Z,T01,Medium,Web,Delivery Question,Resolved,4.23,22.79,4
TK00439,2026-06-22T12:51:00Z,2026-06-22T15:28:17.109Z,2026-06-23T20:53:34.011Z,T01,Medium,Chat,Cancellation,Resolved,2.62,32.04,4
TK00440,2026-07-13T16:25:00Z,2026-07-13T21:04:37.603Z,2026-07-16T18:29:25.228Z,T04,Medium,Chat,Cancellation,Resolved,4.66,74.07,3
TK00441,2026-06-19T13:12:00Z,2026-06-19T16:48:54.711Z,2026-06-22T07:23:24.491Z,T03,Medium,Chat,Billing Query,Resolved,3.62,66.19,4
TK00442,2026-07-08T14:28:00Z,2026-07-08T17:24:34.228Z,2026-07-09T08:48:54.831Z,T01,Low,Chat,Delivery Question,Resolved,2.94,18.35,4
TK00443,2026-06-14T17:59:00Z,2026-06-15T01:08:09.557Z,2026-06-16T08:58:24.570Z,T04,Medium,Email,Delivery Question,Resolved,7.15,38.99,4
TK00444,2026-06-24T18:54:00Z,2026-06-24T23:07:08.920Z,2026-06-26T12:47:52.739Z,T04,Medium,Phone,Delivery Question,Resolved,4.22,41.9,5
TK00445,2026-05-30T14:29:00Z,2026-05-30T15:10:39.576Z,2026-05-30T23:24:44.723Z,T01,Medium,Email,Account Access,Resolved,0.69,8.93,5
TK00446,2026-06-12T10:22:00Z,2026-06-12T13:56:30.392Z,2026-06-13T23:17:21.372Z,T03,Medium,Chat,Billing Query,Resolved,3.58,36.92,4
TK00447,2026-07-09T08:36:00Z,2026-07-09T13:55:54.477Z,2026-07-10T08:22:11.196Z,T02,Low,Email,Account Access,Resolved,5.33,23.77,4
TK00448,2026-07-01T08:34:00Z,2026-07-01T12:15:52.640Z,2026-07-02T04:05:45.937Z,T01,High,Chat,Account Access,Resolved,3.7,19.53,5
TK00449,2026-06-15T08:05:00Z,2026-06-15T13:21:58.761Z,2026-06-18T08:39:06.330Z,T04,Medium,Chat,Cancellation,Resolved,5.28,72.57,3
TK00450,2026-07-05T14:05:00Z,2026-07-05T17:17:51.516Z,2026-07-08T09:25:33.392Z,T04,Medium,Chat,Delivery Question,Resolved,3.21,67.34,3
TK00451,2026-05-21T12:06:00Z,2026-05-21T14:56:55.456Z,2026-05-22T02:19:29.892Z,T01,Medium,Chat,Delivery Question,Resolved,2.85,14.22,4
TK00452,2026-07-11T12:55:00Z,2026-07-11T16:05:35.605Z,2026-07-13T18:20:23.841Z,T02,Medium,Web,Technical Issue,Resolved,3.18,53.42,4
TK00453,2026-06-02T08:18:00Z,2026-06-02T10:01:09.954Z,2026-06-03T10:15:10.908Z,T02,Medium,Email,Account Access,Resolved,1.72,25.95,5
TK00454,2026-05-18T08:28:00Z,2026-05-18T17:03:16.895Z,2026-05-20T15:17:44.002Z,T04,Medium,Email,Cancellation,Resolved,8.59,54.83,3
TK00455,2026-06-20T11:25:00Z,2026-06-20T19:57:36.420Z,2026-06-23T19:23:42.582Z,T03,Medium,Web,Billing Query,Resolved,8.54,79.98,3
TK00456,2026-05-21T18:47:00Z,2026-05-21T23:32:32.600Z,2026-05-24T10:27:56.603Z,T03,Medium,Email,Billing Query,Resolved,4.76,63.68,2
TK00457,2026-06-01T18:22:00Z,2026-06-01T21:04:23.707Z,2026-06-03T12:05:57.937Z,T04,Medium,Phone,Cancellation,Resolved,2.71,41.73,4
TK00458,2026-06-11T11:24:00Z,2026-06-11T18:32:51.607Z,2026-06-13T09:17:38.620Z,T04,Medium,Web,Delivery Question,Resolved,7.15,45.89,3
TK00459,2026-05-31T16:11:00Z,2026-06-01T00:28:50.858Z,2026-06-02T12:40:14.959Z,T04,Medium,Email,Delivery Question,Resolved,8.3,44.49,4
TK00460,2026-05-17T12:05:00Z,2026-05-17T22:21:02.111Z,2026-05-20T00:59:15.093Z,T03,Low,Web,Billing Query,Resolved,10.27,60.9,3
TK00461,2026-07-26T17:15:00Z,2026-07-26T21:38:56.571Z,2026-07-27T08:50:58.558Z,T01,High,Email,Delivery Question,Resolved,4.4,15.6,4
TK00462,2026-05-17T09:05:00Z,2026-05-17T11:19:17.716Z,2026-05-18T19:21:07.782Z,T02,High,Email,Technical Issue,Resolved,2.24,34.27,5
TK00463,2026-06-02T12:46:00Z,2026-06-02T13:29:58.189Z,2026-06-03T21:15:56.872Z,T02,Medium,Chat,Technical Issue,Resolved,0.73,32.5,5
TK00464,2026-05-23T12:04:00Z,2026-05-23T14:53:16.664Z,2026-05-26T21:40:14.403Z,T02,Low,Phone,Technical Issue,Resolved,2.82,81.6,4
TK00465,2026-05-18T10:22:00Z,2026-05-18T15:21:34.009Z,2026-05-19T13:35:38.488Z,T04,High,Web,Account Access,Resolved,4.99,27.23,5
TK00466,2026-05-09T15:34:00Z,2026-05-09T20:30:20.172Z,2026-05-10T16:22:43.041Z,T04,Medium,Email,Delivery Question,Resolved,4.94,24.81,5
TK00467,2026-07-24T16:09:00Z,2026-07-24T18:50:18.965Z,2026-07-26T04:58:25.854Z,T02,High,Email,Technical Issue,Resolved,2.69,36.82,5
TK00468,2026-06-11T18:44:00Z,2026-06-11T23:21:11.904Z,2026-06-13T15:39:53.209Z,T02,Medium,Web,Technical Issue,Resolved,4.62,44.93,3
TK00469,2026-06-13T15:01:00Z,2026-06-13T16:33:04.966Z,2026-06-14T04:35:11.153Z,T01,Medium,Chat,Cancellation,Resolved,1.53,13.57,3
TK00470,2026-06-20T15:39:00Z,2026-06-20T20:08:22.580Z,2026-06-25T07:36:16.249Z,T03,Medium,Chat,Billing Query,Resolved,4.49,111.95,3
TK00471,2026-06-12T16:30:00Z,2026-06-12T17:36:39.512Z,2026-06-13T04:42:33.469Z,T02,High,Chat,Account Access,Resolved,1.11,12.21,5
TK00472,2026-05-21T12:38:00Z,2026-05-21T17:28:40.145Z,,T02,Low,Email,Technical Issue,Open,4.84,,
TK00473,2026-07-12T18:10:00Z,2026-07-12T20:42:30.982Z,2026-07-15T19:07:09.934Z,T02,Medium,Email,Technical Issue,Resolved,2.54,72.95,4
TK00474,2026-06-02T17:36:00Z,2026-06-02T20:58:42.260Z,2026-06-05T08:50:59.217Z,T02,Medium,Email,Technical Issue,Resolved,3.38,63.25,4
TK00475,2026-06-10T08:44:00Z,2026-06-10T10:01:29.199Z,2026-06-11T13:15:11.459Z,T02,Medium,Web,Technical Issue,Resolved,1.29,28.52,4
TK00476,2026-06-22T17:57:00Z,2026-06-22T22:51:08.042Z,2026-06-26T09:28:32.894Z,T02,Low,Email,Technical Issue,Resolved,4.9,87.53,3
TK00477,2026-07-01T16:14:00Z,2026-07-02T05:46:26.854Z,2026-07-06T01:59:11.519Z,T03,Low,Email,Billing Query,Resolved,13.54,105.75,2
TK00478,2026-06-12T16:43:00Z,2026-06-12T19:54:19.132Z,,T02,Medium,Chat,Technical Issue,Pending,3.19,,
TK00479,2026-07-14T13:08:00Z,2026-07-14T14:36:05.869Z,2026-07-16T12:04:25.759Z,T02,Medium,Chat,Technical Issue,Resolved,1.47,46.94,3
TK00480,2026-05-27T10:13:00Z,2026-05-27T16:44:25.660Z,2026-05-29T00:35:53.410Z,T04,Medium,Email,Delivery Question,Resolved,6.52,38.38,4
TK00481,2026-07-07T16:48:00Z,2026-07-07T19:49:37.884Z,2026-07-10T11:15:07.207Z,T02,Medium,Email,Technical Issue,Resolved,3.03,66.45,3
TK00482,2026-05-24T08:02:00Z,2026-05-24T10:55:14.174Z,2026-05-24T17:06:48.820Z,T01,High,Email,Account Access,Resolved,2.89,9.08,4
TK00483,2026-06-18T16:20:00Z,2026-06-18T18:23:46.969Z,2026-06-20T17:39:49.937Z,T01,Medium,Chat,Billing Query,Resolved,2.06,49.33,4
TK00484,2026-06-05T15:50:00Z,2026-06-05T19:35:17.541Z,2026-06-08T03:09:31.286Z,T04,Medium,Email,Technical Issue,Resolved,3.75,59.33,4
TK00485,2026-05-09T08:35:00Z,2026-05-09T11:28:48.300Z,2026-05-10T06:58:24.637Z,T01,Medium,Chat,Account Access,Resolved,2.9,22.39,5
TK00486,2026-07-24T15:27:00Z,2026-07-24T16:09:15.577Z,2026-07-25T08:12:07.720Z,T01,Urgent,Phone,Billing Query,Resolved,0.7,16.75,5
TK00487,2026-05-23T12:52:00Z,2026-05-23T17:05:42.605Z,2026-05-24T18:59:26.593Z,T04,Medium,Email,Delivery Question,Resolved,4.23,30.12,4
TK00488,2026-05-18T12:22:00Z,2026-05-18T14:51:56.401Z,2026-05-20T01:20:27.931Z,T03,High,Chat,Cancellation,Resolved,2.5,36.97,4
TK00489,2026-07-19T15:15:00Z,2026-07-19T17:41:40.429Z,2026-07-20T11:37:29.160Z,T01,Medium,Chat,Billing Query,Resolved,2.44,20.37,5
TK00490,2026-06-29T10:34:00Z,2026-06-29T13:47:03.851Z,2026-07-03T09:01:10.543Z,T02,Low,Email,Technical Issue,Resolved,3.22,94.45,1
TK00491,2026-05-26T12:13:00Z,2026-05-26T21:35:53.024Z,2026-05-28T15:42:49.587Z,T03,Medium,Email,Billing Query,Resolved,9.38,51.5,3
TK00492,2026-06-21T10:10:00Z,2026-06-21T18:07:01.582Z,2026-06-22T10:08:44.409Z,T01,Medium,Email,Account Access,Resolved,7.95,23.98,4
TK00493,2026-06-10T11:38:00Z,2026-06-10T15:42:04.074Z,2026-06-11T23:30:18.626Z,T04,High,Chat,Cancellation,Resolved,4.07,35.87,4
TK00494,2026-07-21T14:30:00Z,2026-07-21T17:49:55.943Z,,T01,Medium,Chat,Cancellation,Pending,3.33,,
TK00495,2026-07-11T11:42:00Z,2026-07-11T14:05:49.522Z,2026-07-13T10:31:03.898Z,T03,Medium,Chat,Billing Query,Resolved,2.4,46.82,4
TK00496,2026-05-24T09:56:00Z,2026-05-24T13:48:21.051Z,2026-05-25T14:41:42.096Z,T03,High,Email,Billing Query,Resolved,3.87,28.76,4
TK00497,2026-07-15T09:33:00Z,2026-07-15T14:03:56.532Z,,T03,Medium,Email,Billing Query,Pending,4.52,,
TK00498,2026-05-20T14:37:00Z,2026-05-20T16:36:02.036Z,,T03,High,Phone,Billing Query,Open,1.98,,
TK00499,2026-05-05T17:16:00Z,2026-05-05T19:39:10.275Z,2026-05-06T15:28:26.069Z,T01,Medium,Chat,Delivery Question,Resolved,2.39,22.21,5
TK00500,2026-07-18T09:22:00Z,2026-07-18T12:41:56.346Z,2026-07-20T00:47:58.875Z,T04,Low,Phone,Delivery Question,Resolved,3.33,39.43,4
TK00501,2026-07-17T10:22:00Z,2026-07-17T14:34:05.915Z,2026-07-18T17:51:21.780Z,T04,High,Email,Technical Issue,Resolved,4.2,31.49,5
TK00502,2026-05-21T12:33:00Z,2026-05-21T13:41:46.164Z,2026-05-23T23:26:41.066Z,T02,High,Phone,Technical Issue,Resolved,1.15,58.89,3
TK00503,2026-06-25T09:28:00Z,2026-06-25T17:13:27.951Z,2026-06-28T13:21:34.016Z,T04,Low,Email,Delivery Question,Resolved,7.76,75.89,3
TK00504,2026-07-22T15:19:00Z,2026-07-23T01:40:14.260Z,2026-07-26T09:49:48.627Z,T04,Low,Email,Technical Issue,Resolved,10.35,90.51,3
TK00505,2026-07-03T12:20:00Z,2026-07-03T17:15:40.826Z,2026-07-04T09:32:43.710Z,T04,Urgent,Email,Cancellation,Resolved,4.93,21.21,4
TK00506,2026-05-24T09:03:00Z,2026-05-24T12:04:52.221Z,2026-05-24T18:51:46.104Z,T01,High,Email,Account Access,Resolved,3.03,9.81,5
TK00507,2026-06-03T08:22:00Z,2026-06-03T14:57:03.407Z,2026-06-05T15:21:02.640Z,T03,Medium,Email,Billing Query,Resolved,6.58,54.98,3
TK00508,2026-07-03T10:52:00Z,2026-07-03T14:35:12.430Z,2026-07-04T03:11:25.020Z,T01,High,Email,Cancellation,Resolved,3.72,16.32,5
TK00509,2026-07-20T16:25:00Z,2026-07-20T20:22:33.839Z,2026-07-22T14:48:41.298Z,T02,Medium,Email,Technical Issue,Resolved,3.96,46.39,4
TK00510,2026-06-26T13:58:00Z,2026-06-26T19:53:13.897Z,2026-06-28T04:12:13.110Z,T04,High,Email,Delivery Question,Resolved,5.92,38.24,4
TK00511,2026-07-15T17:31:00Z,2026-07-15T23:23:04.663Z,,T01,Medium,Email,Account Access,Pending,5.87,,
TK00512,2026-06-22T15:11:00Z,2026-06-23T00:09:26.434Z,2026-06-27T07:31:12.583Z,T02,Low,Email,Technical Issue,Resolved,8.97,112.34,2
TK00513,2026-06-14T08:35:00Z,2026-06-14T12:28:03.576Z,2026-06-15T04:55:06.674Z,T02,High,Email,Technical Issue,Resolved,3.88,20.34,4
TK00514,2026-05-08T16:40:00Z,2026-05-08T20:02:49.826Z,2026-05-09T04:30:17.862Z,T01,Low,Chat,Account Access,Resolved,3.38,11.84,5
TK00515,2026-06-07T16:34:00Z,2026-06-07T21:13:46.624Z,2026-06-09T04:05:37.884Z,T03,High,Web,Billing Query,Resolved,4.66,35.53,2
TK00516,2026-05-16T16:46:00Z,2026-05-16T19:11:38.774Z,,T03,Urgent,Web,Billing Query,Open,2.43,,
TK00517,2026-05-27T10:20:00Z,2026-05-27T12:11:18.369Z,2026-05-27T16:40:31.072Z,T01,High,Chat,Technical Issue,Resolved,1.86,6.34,5
TK00518,2026-05-30T09:46:00Z,2026-05-30T16:56:31.200Z,,T04,Medium,Email,Cancellation,Pending,7.18,,
TK00519,2026-06-04T18:00:00Z,2026-06-04T19:59:46.364Z,2026-06-06T06:34:34.939Z,T04,High,Email,Cancellation,Resolved,2,36.58,5
TK00520,2026-06-28T18:22:00Z,2026-06-29T00:08:14.946Z,2026-06-29T12:50:09.364Z,T01,Medium,Email,Delivery Question,Resolved,5.77,18.47,4
TK00521,2026-07-24T08:01:00Z,2026-07-24T10:23:33.109Z,2026-07-26T11:22:53.614Z,T03,High,Chat,Billing Query,Resolved,2.38,51.36,2
TK00522,2026-07-05T08:06:00Z,2026-07-05T14:26:07.721Z,2026-07-06T18:21:51.957Z,T02,Medium,Email,Account Access,Resolved,6.34,34.26,5
TK00523,2026-07-04T12:08:00Z,2026-07-04T13:03:03.367Z,2026-07-06T00:06:26.699Z,T02,Urgent,Phone,Technical Issue,Resolved,0.92,35.97,4
TK00524,2026-05-05T14:45:00Z,2026-05-05T17:13:45.643Z,2026-05-07T03:02:40.912Z,T03,Medium,Email,Billing Query,Resolved,2.48,36.29,2
TK00525,2026-07-17T14:50:00Z,2026-07-17T16:43:31.637Z,2026-07-19T09:14:46.762Z,T02,Low,Phone,Account Access,Resolved,1.89,42.41,3
TK00526,2026-06-06T11:58:00Z,2026-06-06T15:35:08.583Z,2026-06-07T08:38:47.756Z,T03,High,Email,Delivery Question,Resolved,3.62,20.68,5
TK00527,2026-06-02T18:49:00Z,2026-06-03T01:01:41.457Z,2026-06-04T09:49:25.937Z,T03,High,Email,Billing Query,Resolved,6.21,39.01,1
TK00528,2026-07-13T13:56:00Z,2026-07-13T15:14:06.730Z,2026-07-13T19:11:32.122Z,T01,Urgent,Chat,Delivery Question,Resolved,1.3,5.26,5
TK00529,2026-05-31T18:30:00Z,2026-06-01T00:31:28.118Z,2026-06-02T20:55:17.292Z,T02,Low,Email,Technical Issue,Resolved,6.02,50.42,3
TK00530,2026-06-19T17:35:00Z,2026-06-20T09:30:13.320Z,2026-06-23T17:00:34.002Z,T04,Low,Web,Cancellation,Resolved,15.92,95.43,2
TK00531,2026-06-29T10:38:00Z,2026-06-29T19:35:45.376Z,2026-07-01T14:14:56.946Z,T04,Medium,Web,Cancellation,Resolved,8.96,51.62,3
TK00532,2026-05-21T18:49:00Z,2026-05-21T22:47:10.872Z,2026-05-23T23:57:35.752Z,T02,Medium,Email,Technical Issue,Resolved,3.97,53.14,2
TK00533,2026-05-09T13:40:00Z,2026-05-09T15:28:42.774Z,2026-05-11T13:52:47.756Z,T02,Medium,Web,Technical Issue,Resolved,1.81,48.21,4
TK00534,2026-07-09T14:02:00Z,2026-07-09T19:09:34.999Z,2026-07-11T00:37:22.538Z,T04,High,Email,Cancellation,Resolved,5.13,34.59,4
TK00535,2026-07-05T12:37:00Z,2026-07-05T18:34:04.027Z,2026-07-08T12:54:41.152Z,T04,Low,Web,Cancellation,Resolved,5.95,72.29,4
TK00536,2026-05-26T16:17:00Z,2026-05-26T22:37:09.616Z,2026-05-28T14:06:23.655Z,T04,Medium,Email,Cancellation,Resolved,6.34,45.82,4
TK00537,2026-07-23T17:37:00Z,2026-07-23T23:48:46.192Z,2026-07-25T03:21:06.860Z,T03,Medium,Email,Billing Query,Resolved,6.2,33.74,2
TK00538,2026-06-01T12:38:00Z,2026-06-01T14:52:31.480Z,2026-06-03T10:27:00.060Z,T03,High,Chat,Billing Query,Resolved,2.24,45.82,3
TK00539,2026-06-23T14:12:00Z,2026-06-23T19:14:18.379Z,2026-06-25T06:48:39.366Z,T03,High,Email,Billing Query,Resolved,5.04,40.61,3
TK00540,2026-06-27T16:58:00Z,2026-06-28T02:23:35.566Z,2026-06-30T01:58:50.540Z,T03,Medium,Web,Billing Query,Resolved,9.43,57.01,3
TK00541,2026-07-06T10:07:00Z,2026-07-06T12:57:55.207Z,,T01,Medium,Email,Account Access,Pending,2.85,,
TK00542,2026-05-04T09:38:00Z,2026-05-04T14:38:53.078Z,2026-05-05T10:25:00.639Z,T04,Medium,Chat,Account Access,Resolved,5.01,24.78,5
TK00543,2026-07-12T10:53:00Z,2026-07-12T13:36:28.168Z,2026-07-12T16:03:55.128Z,T01,Medium,Phone,Delivery Question,Resolved,2.72,5.18,5
TK00544,2026-06-27T10:36:00Z,2026-06-27T12:26:44.520Z,2026-06-28T07:48:24.816Z,T01,Medium,Chat,Delivery Question,Resolved,1.85,21.21,4
TK00545,2026-05-18T18:08:00Z,2026-05-18T19:33:32.278Z,2026-05-19T04:37:08.965Z,T01,High,Chat,Technical Issue,Resolved,1.43,10.49,5
TK00546,2026-07-05T11:40:00Z,2026-07-05T14:00:11.159Z,2026-07-05T20:27:36.392Z,T01,High,Email,Delivery Question,Resolved,2.34,8.79,5
TK00547,2026-06-14T09:49:00Z,2026-06-14T12:34:25.665Z,2026-06-16T06:49:16.226Z,T02,Medium,Chat,Technical Issue,Resolved,2.76,45,2
TK00548,2026-05-19T16:59:00Z,2026-05-19T22:02:18.125Z,2026-05-21T00:52:27.018Z,T04,High,Email,Delivery Question,Resolved,5.06,31.89,4
TK00549,2026-05-23T09:07:00Z,2026-05-23T15:41:42.718Z,,T04,Low,Chat,Cancellation,Pending,6.58,,
TK00550,2026-07-10T13:50:00Z,2026-07-10T17:51:24.465Z,2026-07-11T07:50:42.363Z,T01,Medium,Email,Account Access,Resolved,4.02,18.01,3
TK00551,2026-05-19T12:51:00Z,2026-05-19T14:15:58.028Z,2026-05-20T12:04:42.125Z,T01,Medium,Phone,Account Access,Resolved,1.42,23.23,5
TK00552,2026-05-27T17:39:00Z,2026-05-27T22:23:32.529Z,2026-05-29T12:31:37.076Z,T04,Medium,Chat,Cancellation,Resolved,4.74,42.88,3
TK00553,2026-06-07T08:23:00Z,2026-06-07T08:56:15.395Z,2026-06-08T19:29:16.353Z,T04,High,Chat,Delivery Question,Resolved,0.55,35.1,3
TK00554,2026-05-24T15:00:00Z,2026-05-24T19:02:08.429Z,2026-05-25T06:09:10.308Z,T01,Medium,Email,Account Access,Resolved,4.04,15.15,4
TK00555,2026-07-16T08:00:00Z,2026-07-16T10:46:51.351Z,2026-07-16T22:00:49.788Z,T04,Medium,Chat,Delivery Question,Resolved,2.78,14.01,4
TK00556,2026-06-02T10:50:00Z,2026-06-02T15:35:05.327Z,,T03,Medium,Chat,Billing Query,Open,4.75,,
TK00557,2026-07-10T08:16:00Z,2026-07-10T16:05:38.665Z,2026-07-11T14:04:31.336Z,T04,Medium,Email,Delivery Question,Resolved,7.83,29.81,4
TK00558,2026-07-22T11:44:00Z,2026-07-22T14:36:58.631Z,2026-07-23T10:42:50.294Z,T01,Low,Chat,Cancellation,Resolved,2.88,22.98,5
TK00559,2026-06-11T13:38:00Z,2026-06-11T19:20:29.561Z,2026-06-12T18:25:01.060Z,T01,Medium,Email,Technical Issue,Resolved,5.71,28.78,3
TK00560,2026-06-04T17:04:00Z,2026-06-04T18:01:16.207Z,2026-06-05T19:43:52.732Z,T02,High,Chat,Technical Issue,Resolved,0.95,26.66,5
TK00561,2026-06-07T17:25:00Z,2026-06-07T19:28:58.324Z,2026-06-08T00:18:42.723Z,T01,High,Chat,Account Access,Resolved,2.07,6.9,4
TK00562,2026-06-30T12:40:00Z,2026-06-30T13:47:10.668Z,2026-07-02T02:20:44.330Z,T02,Urgent,Web,Technical Issue,Resolved,1.12,37.68,2
TK00563,2026-05-18T17:19:00Z,2026-05-19T00:28:25.231Z,2026-05-19T11:26:56.479Z,T03,Medium,Web,Billing Query,Resolved,7.16,18.13,5
TK00564,2026-06-04T16:26:00Z,2026-06-04T20:01:01.715Z,,T01,Low,Email,Technical Issue,Open,3.58,,
TK00565,2026-05-11T17:30:00Z,2026-05-11T18:53:20.658Z,,T03,Low,Web,Delivery Question,Open,1.39,,
TK00566,2026-06-27T15:13:00Z,2026-06-27T22:09:26.872Z,2026-06-30T15:33:45.762Z,T03,Medium,Web,Billing Query,Resolved,6.94,72.35,2
TK00567,2026-06-19T17:57:00Z,2026-06-20T00:45:34.800Z,2026-06-22T06:19:11.006Z,T03,High,Email,Billing Query,Resolved,6.81,60.37,4
TK00568,2026-06-23T11:56:00Z,2026-06-23T15:30:11.931Z,2026-06-23T16:45:07.848Z,T01,Urgent,Email,Account Access,Resolved,3.57,4.82,4
TK00569,2026-06-20T09:49:00Z,2026-06-20T17:15:33.669Z,2026-06-22T11:05:24.014Z,T04,Medium,Email,Account Access,Resolved,7.44,49.27,2
TK00570,2026-05-06T15:02:00Z,2026-05-06T17:24:35.981Z,2026-05-07T03:24:39.662Z,T01,High,Email,Delivery Question,Resolved,2.38,12.38,4
TK00571,2026-07-26T10:26:00Z,2026-07-26T13:22:10.906Z,2026-07-28T01:35:08.483Z,T02,High,Web,Technical Issue,Resolved,2.94,39.15,3
TK00572,2026-06-28T12:25:00Z,2026-06-28T15:39:22.566Z,2026-06-29T18:14:14.667Z,T04,Urgent,Email,Cancellation,Resolved,3.24,29.82,5
TK00573,2026-07-11T08:45:00Z,2026-07-11T13:09:39.149Z,2026-07-14T01:32:57.356Z,T02,Low,Email,Technical Issue,Resolved,4.41,64.8,4
TK00574,2026-05-09T17:28:00Z,2026-05-09T18:54:07.588Z,2026-05-10T18:04:29.349Z,T04,High,Phone,Account Access,Resolved,1.44,24.61,5
TK00575,2026-05-24T14:37:00Z,2026-05-24T23:07:38.011Z,2026-05-25T09:45:20.183Z,T04,Medium,Email,Cancellation,Resolved,8.51,19.14,5
TK00576,2026-07-10T11:07:00Z,2026-07-10T16:47:43.590Z,2026-07-13T01:34:02.815Z,T03,Low,Chat,Cancellation,Resolved,5.68,62.45,2
TK00577,2026-06-18T15:54:00Z,2026-06-18T23:13:06.851Z,2026-06-19T21:30:16.413Z,T03,High,Email,Cancellation,Resolved,7.32,29.6,3
TK00578,2026-07-09T15:20:00Z,2026-07-09T20:03:58.722Z,2026-07-12T10:48:49.428Z,T04,Medium,Phone,Cancellation,Resolved,4.73,67.48,3
TK00579,2026-06-29T08:02:00Z,2026-06-29T12:32:10.093Z,2026-07-02T14:59:02.023Z,T04,Medium,Chat,Cancellation,Resolved,4.5,78.95,3
TK00580,2026-07-15T12:28:00Z,2026-07-15T13:47:23.161Z,2026-07-16T06:37:31.643Z,T04,High,Chat,Account Access,Resolved,1.32,18.16,5
TK00581,2026-05-12T18:17:00Z,2026-05-12T21:00:53.905Z,2026-05-13T17:19:31.961Z,T03,High,Email,Billing Query,Resolved,2.73,23.04,4
TK00582,2026-05-19T15:17:00Z,2026-05-19T19:26:01.376Z,2026-05-21T23:46:14.744Z,T04,Low,Email,Delivery Question,Resolved,4.15,56.49,3
TK00583,2026-05-19T09:05:00Z,2026-05-19T13:37:36.425Z,2026-05-22T02:27:13.137Z,T02,Low,Email,Technical Issue,Resolved,4.54,65.37,3
TK00584,2026-07-25T16:41:00Z,2026-07-25T20:48:02.204Z,2026-07-28T04:44:38.628Z,T02,Medium,Email,Technical Issue,Resolved,4.12,60.06,3
TK00585,2026-05-10T12:56:00Z,2026-05-10T18:13:19.395Z,2026-05-12T06:51:26.999Z,T03,Medium,Email,Billing Query,Resolved,5.29,41.92,3
TK00586,2026-06-30T15:34:00Z,2026-06-30T19:29:45.667Z,2026-07-02T04:01:28.742Z,T02,Medium,Web,Account Access,Resolved,3.93,36.46,2
TK00587,2026-05-22T13:06:00Z,2026-05-22T22:28:46.259Z,2026-05-24T20:43:15.554Z,T04,Low,Email,Billing Query,Resolved,9.38,55.62,2
TK00588,2026-06-17T12:08:00Z,2026-06-17T20:03:52.812Z,2026-06-20T00:53:30.110Z,T04,Medium,Chat,Account Access,Resolved,7.93,60.76,3
TK00589,2026-06-11T11:08:00Z,2026-06-11T13:08:39.831Z,2026-06-12T18:44:10.762Z,T03,High,Email,Cancellation,Resolved,2.01,31.6,3
TK00590,2026-05-09T10:41:00Z,2026-05-09T18:11:58.997Z,2026-05-11T07:17:48.260Z,T04,Low,Web,Cancellation,Resolved,7.52,44.61,4
TK00591,2026-07-01T11:29:00Z,2026-07-01T12:48:32Z,,T02,Medium,Phone,Technical Issue,Open,1.33,,
TK00592,2026-05-08T11:20:00Z,2026-05-08T14:17:18.669Z,,T04,High,Web,Delivery Question,Open,2.96,,
TK00593,2026-07-03T18:18:00Z,2026-07-04T03:07:52.923Z,,T04,Medium,Email,Delivery Question,Pending,8.83,,
TK00594,2026-05-17T18:49:00Z,2026-05-17T22:36:11.273Z,2026-05-18T23:56:43.052Z,T04,Medium,Chat,Delivery Question,Resolved,3.79,29.13,5
TK00595,2026-06-04T15:37:00Z,2026-06-04T17:12:31.074Z,2026-06-06T03:34:00.815Z,T02,High,Chat,Technical Issue,Resolved,1.59,35.95,4
TK00596,2026-06-29T18:24:00Z,2026-06-29T21:41:51.786Z,2026-07-02T21:21:41.437Z,T02,Medium,Email,Technical Issue,Resolved,3.3,74.96,2
TK00597,2026-07-22T15:29:00Z,2026-07-22T17:23:10.063Z,,T02,Urgent,Email,Technical Issue,Pending,1.9,,
TK00598,2026-05-28T15:27:00Z,2026-05-28T16:53:24.649Z,2026-05-30T09:38:23.560Z,T02,Medium,Phone,Technical Issue,Resolved,1.44,42.19,3
TK00599,2026-06-10T18:21:00Z,2026-06-10T23:02:08.741Z,2026-06-13T06:53:52.656Z,T03,Medium,Email,Billing Query,Resolved,4.69,60.55,2
TK00600,2026-06-15T16:39:00Z,2026-06-15T19:31:08.545Z,2026-06-16T15:09:38.736Z,T01,Low,Email,Billing Query,Resolved,2.87,22.51,4
TK00601,2026-05-24T12:38:00Z,2026-05-24T17:52:42.260Z,2026-05-25T10:32:26.041Z,T03,High,Email,Billing Query,Resolved,5.25,21.91,4
TK00602,2026-05-27T13:37:00Z,2026-05-27T16:42:38.110Z,2026-05-28T19:19:55.235Z,T04,High,Email,Account Access,Resolved,3.09,29.72,5
TK00603,2026-05-22T12:18:00Z,2026-05-22T13:15:52.983Z,2026-05-22T19:35:54.324Z,T01,Urgent,Chat,Technical Issue,Resolved,0.96,7.3,5
TK00604,2026-05-10T08:42:00Z,2026-05-10T10:51:00.100Z,2026-05-12T02:15:43.553Z,T02,High,Email,Technical Issue,Resolved,2.15,41.56,4
TK00605,2026-05-18T17:07:00Z,2026-05-18T19:04:38.365Z,2026-05-19T08:39:50.673Z,T01,High,Email,Delivery Question,Resolved,1.96,15.55,5
TK00606,2026-05-04T17:06:00Z,2026-05-04T19:14:50.914Z,2026-05-05T19:59:18.435Z,T03,High,Chat,Delivery Question,Resolved,2.15,26.89,5
TK00607,2026-05-24T16:36:00Z,2026-05-24T22:02:27.949Z,2026-05-25T20:32:56.882Z,T02,Low,Web,Technical Issue,Resolved,5.44,27.95,4
TK00608,2026-07-26T17:53:00Z,2026-07-26T22:59:47.898Z,2026-07-28T11:32:13.142Z,T02,Medium,Web,Technical Issue,Resolved,5.11,41.65,3
TK00609,2026-05-05T14:53:00Z,2026-05-05T18:41:55.957Z,2026-05-06T23:28:33.236Z,T02,Medium,Email,Technical Issue,Resolved,3.82,32.59,3
TK00610,2026-05-20T12:24:00Z,2026-05-20T15:31:05.880Z,2026-05-21T05:02:15.775Z,T01,High,Email,Delivery Question,Resolved,3.12,16.64,5
TK00611,2026-07-02T09:00:00Z,2026-07-02T12:09:57.108Z,,T01,Medium,Chat,Cancellation,Pending,3.17,,
TK00612,2026-06-05T13:16:00Z,2026-06-05T23:11:58.898Z,2026-06-07T05:12:53.829Z,T03,Low,Email,Billing Query,Resolved,9.93,39.95,4
TK00613,2026-07-17T08:22:00Z,2026-07-17T10:42:47.039Z,,T02,High,Email,Technical Issue,Open,2.35,,
TK00614,2026-05-28T15:25:00Z,2026-05-28T17:16:01.343Z,,T01,High,Phone,Delivery Question,Open,1.85,,
TK00615,2026-05-14T14:10:00Z,2026-05-14T18:04:36.023Z,2026-05-15T16:57:30.153Z,T04,High,Email,Account Access,Resolved,3.91,26.79,4
TK00616,2026-05-23T08:45:00Z,2026-05-23T14:28:25.815Z,2026-05-23T22:33:09.166Z,T01,Low,Email,Delivery Question,Resolved,5.72,13.8,5
TK00617,2026-05-19T14:16:00Z,2026-05-19T15:55:34.542Z,2026-05-23T19:21:43.116Z,T02,Low,Chat,Technical Issue,Resolved,1.66,101.1,2
TK00618,2026-07-03T17:57:00Z,2026-07-03T19:46:05.648Z,,T02,Medium,Chat,Technical Issue,Open,1.82,,
TK00619,2026-07-14T10:36:00Z,2026-07-14T14:21:01.018Z,,T04,Urgent,Email,Delivery Question,Open,3.75,,
TK00620,2026-06-17T17:13:00Z,2026-06-17T20:32:40.022Z,2026-06-18T08:08:21.932Z,T01,High,Web,Delivery Question,Resolved,3.33,14.92,4
TK00621,2026-05-22T09:09:00Z,2026-05-22T12:50:46.026Z,2026-05-23T13:22:00.319Z,T02,High,Email,Account Access,Resolved,3.7,28.22,4
TK00622,2026-05-15T11:46:00Z,2026-05-15T18:16:03.696Z,2026-05-17T03:06:20.082Z,T03,Medium,Email,Billing Query,Resolved,6.5,39.34,3
TK00623,2026-05-15T14:55:00Z,2026-05-15T17:00:18.197Z,2026-05-16T19:49:05.006Z,T02,Urgent,Web,Technical Issue,Resolved,2.09,28.9,4
TK00624,2026-05-15T18:48:00Z,2026-05-15T21:16:22.566Z,2026-05-16T08:25:09.914Z,T01,Medium,Web,Delivery Question,Resolved,2.47,13.62,5
TK00625,2026-07-11T14:46:00Z,2026-07-11T17:39:04.626Z,2026-07-13T05:19:22.099Z,T03,High,Phone,Billing Query,Resolved,2.88,38.56,3
TK00626,2026-06-06T11:20:00Z,2026-06-06T13:29:43.570Z,2026-06-07T01:26:49.686Z,T02,High,Chat,Technical Issue,Resolved,2.16,14.11,5
TK00627,2026-06-01T09:33:00Z,2026-06-01T14:03:58.830Z,,T03,Low,Web,Billing Query,Open,4.52,,
TK00628,2026-07-23T12:32:00Z,2026-07-23T16:19:17.916Z,,T01,Low,Email,Technical Issue,Pending,3.79,,
TK00629,2026-05-06T09:07:00Z,2026-05-06T13:09:19.890Z,2026-05-07T15:19:48.521Z,T03,Medium,Phone,Billing Query,Resolved,4.04,30.21,4
TK00630,2026-07-21T16:14:00Z,2026-07-21T21:18:14.309Z,2026-07-22T13:12:45.564Z,T01,Low,Email,Delivery Question,Resolved,5.07,20.98,4
TK00631,2026-06-15T15:19:00Z,2026-06-15T20:24:04.223Z,2026-06-18T07:49:00.885Z,T02,Medium,Email,Technical Issue,Resolved,5.08,64.5,3
TK00632,2026-07-09T09:44:00Z,2026-07-09T12:09:16.270Z,2026-07-10T23:38:57.055Z,T01,Medium,Phone,Technical Issue,Resolved,2.42,37.92,4
TK00633,2026-07-23T15:12:00Z,2026-07-23T19:18:24.540Z,2026-07-24T02:19:07.407Z,T01,Medium,Web,Account Access,Resolved,4.11,11.12,4
TK00634,2026-06-21T18:46:00Z,2026-06-21T21:15:23.114Z,2026-06-23T23:03:45.093Z,T02,Medium,Chat,Technical Issue,Resolved,2.49,52.3,4
TK00635,2026-07-09T10:12:00Z,2026-07-09T13:25:00.106Z,2026-07-10T20:39:26.231Z,T03,High,Chat,Billing Query,Resolved,3.22,34.46,4
TK00636,2026-05-28T10:07:00Z,2026-05-28T12:31:29.590Z,,T02,High,Email,Technical Issue,Open,2.41,,
TK00637,2026-07-21T10:27:00Z,2026-07-21T12:47:06.406Z,2026-07-21T23:10:45.359Z,T01,High,Chat,Delivery Question,Resolved,2.34,12.73,5
TK00638,2026-06-21T17:38:00Z,2026-06-21T19:45:17.173Z,2026-06-22T09:04:09.029Z,T01,High,Chat,Account Access,Resolved,2.12,15.44,4
TK00639,2026-07-18T08:31:00Z,2026-07-18T11:50:18.543Z,2026-07-20T12:11:48.731Z,T02,Medium,Email,Technical Issue,Resolved,3.32,51.68,3
TK00640,2026-05-18T18:04:00Z,2026-05-18T20:42:35.790Z,2026-05-19T21:04:46.580Z,T04,High,Phone,Delivery Question,Resolved,2.64,27.01,5
TK00641,2026-06-02T14:15:00Z,2026-06-02T16:59:55.185Z,2026-06-03T20:07:43.716Z,T02,High,Email,Technical Issue,Resolved,2.75,29.88,5
TK00642,2026-06-18T15:02:00Z,2026-06-18T21:07:41.483Z,2026-06-20T13:31:38.882Z,T04,Medium,Chat,Delivery Question,Resolved,6.09,46.49,3
TK00643,2026-05-11T10:14:00Z,2026-05-11T15:39:51.110Z,2026-05-13T19:36:56.523Z,T03,Low,Chat,Billing Query,Resolved,5.43,57.38,3
TK00644,2026-06-13T08:24:00Z,2026-06-13T10:37:25.238Z,2026-06-14T11:00:40.171Z,T02,High,Email,Technical Issue,Resolved,2.22,26.61,4
TK00645,2026-07-26T18:38:00Z,2026-07-27T02:09:25.083Z,,T03,Low,Email,Billing Query,Open,7.52,,
TK00646,2026-06-11T13:55:00Z,2026-06-11T16:43:04.833Z,2026-06-13T01:03:26.814Z,T03,Medium,Chat,Billing Query,Resolved,2.8,35.14,5
TK00647,2026-06-08T12:42:00Z,2026-06-08T14:43:34.046Z,2026-06-10T01:05:05.282Z,T04,High,Chat,Billing Query,Resolved,2.03,36.38,5
TK00648,2026-05-05T10:22:00Z,2026-05-05T14:56:35.633Z,2026-05-06T18:44:15.277Z,T03,Medium,Email,Billing Query,Resolved,4.58,32.37,2
TK00649,2026-06-24T12:36:00Z,2026-06-24T14:33:55.261Z,2026-06-26T13:25:47.602Z,T04,Medium,Chat,Delivery Question,Resolved,1.97,48.83,4
TK00650,2026-06-09T09:16:00Z,2026-06-09T11:35:57.121Z,2026-06-10T05:16:29.679Z,T02,High,Email,Technical Issue,Resolved,2.33,20.01,5
TK00651,2026-06-01T12:31:00Z,2026-06-01T21:03:14.861Z,2026-06-03T08:08:04.552Z,T03,Medium,Web,Cancellation,Resolved,8.54,43.62,2
TK00652,2026-06-07T12:54:00Z,2026-06-07T18:38:55.955Z,2026-06-08T23:40:56.568Z,T03,Medium,Web,Delivery Question,Resolved,5.75,34.78,3
TK00653,2026-07-10T17:04:00Z,2026-07-10T19:01:18.192Z,2026-07-11T07:05:21.378Z,T01,Medium,Chat,Delivery Question,Resolved,1.96,14.02,4
TK00654,2026-07-12T17:43:00Z,2026-07-12T20:37:32.584Z,2026-07-13T08:47:17.422Z,T01,High,Web,Delivery Question,Resolved,2.91,15.07,5
TK00655,2026-06-17T10:40:00Z,2026-06-17T13:20:46.677Z,,T02,High,Phone,Technical Issue,Pending,2.68,,
TK00656,2026-05-05T14:13:00Z,2026-05-05T23:07:11.043Z,,T03,Low,Web,Billing Query,Open,8.9,,
TK00657,2026-07-01T17:40:00Z,2026-07-01T22:49:28.926Z,,T01,Medium,Chat,Delivery Question,Open,5.16,,
TK00658,2026-06-30T15:12:00Z,2026-06-30T17:37:44.322Z,,T03,Medium,Phone,Billing Query,Pending,2.43,,
TK00659,2026-05-19T11:44:00Z,2026-05-19T16:45:55.648Z,2026-05-21T03:36:13.886Z,T02,Low,Email,Technical Issue,Resolved,5.03,39.87,3
TK00660,2026-07-18T13:26:00Z,2026-07-18T18:16:03.986Z,2026-07-20T04:40:47.167Z,T02,Medium,Email,Technical Issue,Resolved,4.83,39.25,3
TK00661,2026-06-21T08:17:00Z,2026-06-21T12:50:51.655Z,2026-06-22T07:24:15.373Z,T04,Medium,Email,Cancellation,Resolved,4.56,23.12,4
TK00662,2026-07-20T15:13:00Z,2026-07-20T17:32:36.713Z,2026-07-21T06:02:43.176Z,T01,Medium,Phone,Delivery Question,Resolved,2.33,14.83,5
TK00663,2026-06-27T14:32:00Z,2026-06-27T19:24:38.696Z,2026-06-28T23:23:36.702Z,T03,Urgent,Web,Billing Query,Resolved,4.88,32.86,2
TK00664,2026-07-20T18:25:00Z,2026-07-20T20:48:47.799Z,2026-07-22T20:32:08.392Z,T02,Medium,Email,Technical Issue,Resolved,2.4,50.12,4
TK00665,2026-05-22T08:14:00Z,2026-05-22T09:50:24.795Z,,T01,High,Chat,Account Access,Open,1.61,,
TK00666,2026-07-23T18:53:00Z,2026-07-23T22:04:29.443Z,2026-07-26T19:20:05.868Z,T02,Medium,Web,Technical Issue,Resolved,3.19,72.45,3
TK00667,2026-06-12T17:49:00Z,2026-06-13T00:55:39.568Z,2026-06-13T20:57:19.579Z,T01,Medium,Web,Account Access,Resolved,7.11,27.14,4
TK00668,2026-06-20T11:17:00Z,2026-06-20T15:12:29.219Z,2026-06-23T11:14:35.401Z,T03,Low,Email,Delivery Question,Resolved,3.92,71.96,5
TK00669,2026-07-03T10:40:00Z,2026-07-03T13:24:37.416Z,2026-07-04T03:26:13.516Z,T01,Medium,Chat,Delivery Question,Resolved,2.74,16.77,4
TK00670,2026-07-22T15:05:00Z,2026-07-22T20:31:36.022Z,,T01,Medium,Email,Account Access,Open,5.44,,
TK00671,2026-07-11T18:20:00Z,2026-07-11T21:09:16.048Z,,T01,Low,Chat,Delivery Question,Open,2.82,,
TK00672,2026-06-03T16:53:00Z,2026-06-04T01:27:43.450Z,2026-06-05T03:49:04.290Z,T03,Medium,Email,Cancellation,Resolved,8.58,34.93,3
TK00673,2026-06-08T16:38:00Z,2026-06-08T19:45:51.239Z,2026-06-10T02:27:24.962Z,T03,High,Chat,Cancellation,Resolved,3.13,33.82,3
TK00674,2026-05-17T09:15:00Z,2026-05-17T13:34:43.508Z,2026-05-18T10:43:05.049Z,T04,High,Chat,Delivery Question,Resolved,4.33,25.47,5
TK00675,2026-05-10T11:27:00Z,2026-05-10T14:33:37.960Z,2026-05-11T23:17:04.221Z,T02,Medium,Email,Technical Issue,Resolved,3.11,35.83,4
TK00676,2026-07-01T14:29:00Z,2026-07-01T20:28:51.931Z,2026-07-05T07:34:24.818Z,T04,Low,Chat,Delivery Question,Resolved,6,89.09,4
TK00677,2026-06-09T12:18:00Z,2026-06-09T15:49:39.968Z,2026-06-11T00:28:57.414Z,T03,High,Web,Billing Query,Resolved,3.53,36.18,4
TK00678,2026-07-03T18:36:00Z,2026-07-03T20:37:47.419Z,2026-07-05T00:16:36.923Z,T02,High,Email,Account Access,Resolved,2.03,29.68,5
TK00679,2026-06-19T16:09:00Z,2026-06-19T18:22:39.291Z,2026-06-20T11:35:13.261Z,T01,High,Phone,Delivery Question,Resolved,2.23,19.44,4
TK00680,2026-05-28T10:00:00Z,2026-05-28T14:04:59.698Z,2026-05-31T00:03:55.731Z,T02,Low,Email,Technical Issue,Resolved,4.08,62.07,3
TK00681,2026-05-24T13:50:00Z,2026-05-24T17:07:26.026Z,2026-05-27T11:15:26.400Z,T02,Medium,Web,Technical Issue,Resolved,3.29,69.42,2
TK00682,2026-06-30T10:54:00Z,2026-06-30T23:45:10.855Z,2026-07-01T13:27:55.039Z,T01,Low,Email,Delivery Question,Resolved,12.85,26.57,2
TK00683,2026-07-21T13:34:00Z,2026-07-21T17:26:13.589Z,2026-07-24T11:18:33.031Z,T03,Medium,Chat,Billing Query,Resolved,3.87,69.74,2
TK00684,2026-05-27T11:03:00Z,2026-05-27T13:38:03.903Z,2026-05-28T13:41:53.048Z,T01,Medium,Chat,Technical Issue,Resolved,2.58,26.65,4
TK00685,2026-05-07T15:51:00Z,2026-05-07T23:32:19.977Z,2026-05-08T13:31:16.263Z,T03,Medium,Email,Cancellation,Resolved,7.69,21.67,5
TK00686,2026-05-25T12:57:00Z,2026-05-25T15:03:13.892Z,2026-05-26T23:52:06.328Z,T01,Medium,Chat,Technical Issue,Resolved,2.1,34.92,3
TK00687,2026-07-24T17:28:00Z,2026-07-24T19:00:44.307Z,2026-07-26T00:35:55.707Z,T02,High,Chat,Technical Issue,Resolved,1.55,31.13,3
TK00688,2026-06-14T08:23:00Z,2026-06-14T12:18:46.748Z,2026-06-16T07:59:04.571Z,T02,Low,Chat,Technical Issue,Resolved,3.93,47.6,2
TK00689,2026-07-22T13:00:00Z,2026-07-22T16:03:34.685Z,2026-07-23T04:13:22.781Z,T01,Low,Web,Account Access,Resolved,3.06,15.22,4
TK00690,2026-07-13T13:36:00Z,2026-07-13T15:54:27.284Z,2026-07-14T10:41:50.205Z,T02,Medium,Chat,Account Access,Resolved,2.31,21.1,5
TK00691,2026-05-30T13:56:00Z,2026-05-30T15:52:20.571Z,2026-05-30T19:22:35.048Z,T01,Urgent,Web,Account Access,Resolved,1.94,5.44,4
TK00692,2026-06-23T08:52:00Z,2026-06-23T15:06:14.832Z,2026-06-24T12:23:33.979Z,T01,Low,Email,Delivery Question,Resolved,6.24,27.53,2
TK00693,2026-07-24T08:30:00Z,2026-07-24T12:43:04.268Z,,T02,Medium,Email,Technical Issue,Open,4.22,,
TK00694,2026-05-13T14:07:00Z,2026-05-13T15:31:03.482Z,2026-05-14T07:28:46.089Z,T01,High,Phone,Billing Query,Resolved,1.4,17.36,5
TK00695,2026-05-30T16:08:00Z,2026-05-30T19:30:09.149Z,2026-06-01T00:05:56.605Z,T02,Medium,Email,Technical Issue,Resolved,3.37,31.97,4
TK00696,2026-07-22T11:34:00Z,2026-07-22T14:30:41.110Z,,T01,Urgent,Email,Delivery Question,Pending,2.94,,
TK00697,2026-07-12T14:09:00Z,2026-07-12T16:46:16.581Z,2026-07-14T10:07:22.585Z,T02,Low,Phone,Account Access,Resolved,2.62,43.97,4
TK00698,2026-07-16T09:42:00Z,2026-07-16T13:39:20.819Z,,T02,Low,Chat,Technical Issue,Open,3.96,,
TK00699,2026-05-30T11:53:00Z,2026-05-30T14:32:33.800Z,2026-06-01T16:02:16.239Z,T02,Low,Chat,Technical Issue,Resolved,2.66,52.15,4
TK00700,2026-06-22T11:29:00Z,2026-06-22T16:16:13.966Z,2026-06-24T17:04:36.496Z,T02,Medium,Email,Technical Issue,Resolved,4.79,53.59,3
TK00701,2026-07-17T10:49:00Z,2026-07-17T13:27:30.690Z,2026-07-17T20:43:24.951Z,T01,High,Web,Account Access,Resolved,2.64,9.91,5
TK00702,2026-05-07T13:53:00Z,2026-05-07T19:16:10.506Z,2026-05-09T03:15:58.445Z,T03,High,Email,Billing Query,Resolved,5.39,37.38,3
TK00703,2026-06-14T10:52:00Z,2026-06-14T13:13:25.301Z,2026-06-15T06:00:02.802Z,T01,Medium,Chat,Delivery Question,Resolved,2.36,19.13,5
TK00704,2026-07-19T15:54:00Z,2026-07-19T21:50:00.499Z,2026-07-21T19:09:04.033Z,T03,Medium,Email,Billing Query,Resolved,5.93,51.25,3
TK00705,2026-05-26T11:16:00Z,2026-05-26T12:21:24.745Z,2026-05-27T02:24:28.843Z,T01,High,Chat,Delivery Question,Resolved,1.09,15.14,5
TK00706,2026-07-26T16:37:00Z,2026-07-26T20:10:38.217Z,2026-07-27T19:14:34.450Z,T01,Medium,Chat,Delivery Question,Resolved,3.56,26.63,4
TK00707,2026-07-09T14:32:00Z,2026-07-09T18:28:21.956Z,2026-07-12T03:56:01.395Z,T02,Medium,Email,Technical Issue,Resolved,3.94,61.4,3
TK00708,2026-06-11T18:03:00Z,2026-06-11T23:18:13.790Z,2026-06-13T10:57:09.091Z,T03,Medium,Email,Billing Query,Resolved,5.25,40.9,3
TK00709,2026-06-27T11:30:00Z,2026-06-27T18:22:14.006Z,2026-06-30T03:18:04.256Z,T04,Medium,Email,Cancellation,Resolved,6.87,63.8,2
TK00710,2026-06-06T18:38:00Z,2026-06-06T21:14:19.942Z,2026-06-07T23:53:22.246Z,T02,High,Web,Technical Issue,Resolved,2.61,29.26,5
TK00711,2026-07-26T12:48:00Z,2026-07-26T17:00:30.978Z,2026-07-26T22:37:46.157Z,T01,Medium,Chat,Account Access,Resolved,4.21,9.83,4
TK00712,2026-06-16T08:18:00Z,2026-06-16T12:59:32.673Z,2026-06-17T03:55:03.904Z,T01,Medium,Chat,Account Access,Resolved,4.69,19.62,4
TK00713,2026-07-19T18:08:00Z,2026-07-19T19:32:13.972Z,2026-07-21T19:17:59.514Z,T02,Medium,Chat,Technical Issue,Resolved,1.4,49.17,5
TK00714,2026-06-11T15:31:00Z,2026-06-11T17:59:17.013Z,2026-06-12T10:40:35.340Z,T03,Medium,Email,Billing Query,Resolved,2.47,19.16,4
TK00715,2026-06-16T09:16:00Z,2026-06-16T14:33:17.578Z,,T02,High,Web,Technical Issue,Pending,5.29,,
TK00716,2026-07-12T12:13:00Z,2026-07-12T16:16:23.317Z,2026-07-15T01:13:00.017Z,T04,Medium,Chat,Cancellation,Resolved,4.06,61,4
TK00717,2026-07-21T10:55:00Z,2026-07-21T13:57:25.835Z,2026-07-22T04:27:04.833Z,T01,Medium,Chat,Account Access,Resolved,3.04,17.53,5
TK00718,2026-07-22T08:37:00Z,2026-07-22T09:58:13.215Z,,T02,High,Chat,Technical Issue,Pending,1.35,,
TK00719,2026-06-18T09:23:00Z,2026-06-18T12:22:26.596Z,,T01,Urgent,Email,Delivery Question,Pending,2.99,,
TK00720,2026-07-16T12:24:00Z,2026-07-16T12:36:00Z,2026-07-17T11:22:28.448Z,T01,High,Chat,Cancellation,Resolved,0.2,22.97,4
TK00721,2026-06-24T12:44:00Z,2026-06-24T18:45:42.862Z,2026-06-28T12:28:44.854Z,T02,Low,Email,Technical Issue,Resolved,6.03,95.75,2
TK00722,2026-06-05T11:30:00Z,2026-06-05T16:43:41.633Z,2026-06-08T01:33:04.166Z,T02,Medium,Web,Technical Issue,Resolved,5.23,62.05,3
TK00723,2026-05-21T17:29:00Z,2026-05-21T20:33:17.112Z,2026-05-22T09:19:31.976Z,T01,Low,Email,Account Access,Resolved,3.07,15.84,5
TK00724,2026-07-09T13:32:00Z,2026-07-09T22:27:49.135Z,,T03,Medium,Email,Billing Query,Open,8.93,,
TK00725,2026-06-28T14:10:00Z,2026-06-28T18:29:02.972Z,2026-06-29T01:44:51.877Z,T03,High,Chat,Billing Query,Resolved,4.32,11.58,3
TK00726,2026-06-10T10:09:00Z,2026-06-10T13:53:12.944Z,,T01,Low,Web,Account Access,Open,3.74,,
TK00727,2026-06-02T10:08:00Z,2026-06-02T11:57:40.940Z,2026-06-05T01:09:11.055Z,T02,Low,Chat,Technical Issue,Resolved,1.83,63.02,4
TK00728,2026-05-31T14:17:00Z,2026-05-31T17:10:10.721Z,2026-06-02T23:26:25.233Z,T04,Medium,Phone,Cancellation,Resolved,2.89,57.16,4
TK00729,2026-07-23T11:40:00Z,2026-07-23T12:55:51.597Z,2026-07-25T07:53:00.797Z,T02,Medium,Phone,Technical Issue,Resolved,1.26,44.22,4
TK00730,2026-06-14T15:43:00Z,2026-06-14T20:35:21.121Z,2026-06-15T14:25:41.853Z,T01,Medium,Email,Delivery Question,Resolved,4.87,22.71,3
TK00731,2026-05-05T14:20:00Z,2026-05-05T18:36:35.795Z,,T02,Medium,Email,Technical Issue,Pending,4.28,,
TK00732,2026-06-18T12:45:00Z,2026-06-19T00:02:10.456Z,2026-06-21T06:15:24.858Z,T04,Medium,Email,Delivery Question,Resolved,11.29,65.51,3
TK00733,2026-05-27T10:53:00Z,2026-05-27T14:06:17.813Z,2026-05-29T16:39:52.922Z,T02,Medium,Email,Technical Issue,Resolved,3.22,53.78,3
TK00734,2026-07-25T10:33:00Z,2026-07-25T16:07:25.824Z,2026-07-26T06:57:31.502Z,T01,Medium,Web,Delivery Question,Resolved,5.57,20.41,5
TK00735,2026-05-28T08:39:00Z,2026-05-28T11:36:55.806Z,2026-05-29T06:56:06.643Z,T04,High,Email,Cancellation,Resolved,2.97,22.29,5
TK00736,2026-07-10T11:08:00Z,2026-07-10T14:13:48.018Z,2026-07-10T19:01:02.926Z,T01,High,Chat,Delivery Question,Resolved,3.1,7.88,5
TK00737,2026-07-11T14:46:00Z,2026-07-11T19:16:52.729Z,2026-07-13T01:02:16.755Z,T03,Medium,Email,Cancellation,Resolved,4.51,34.27,3
TK00738,2026-06-16T16:34:00Z,2026-06-17T05:38:14.609Z,2026-06-18T10:41:49.858Z,T04,Medium,Web,Delivery Question,Resolved,13.07,42.13,4
TK00739,2026-06-16T18:31:00Z,2026-06-16T19:54:33.697Z,2026-06-17T16:27:23.369Z,T02,Urgent,Chat,Account Access,Resolved,1.39,21.94,5
TK00740,2026-06-04T17:33:00Z,2026-06-04T20:59:50.146Z,2026-06-07T11:47:23.455Z,T02,Low,Email,Technical Issue,Resolved,3.45,66.24,3
TK00741,2026-06-30T14:58:00Z,2026-06-30T19:04:12.491Z,2026-07-03T06:42:14.195Z,T02,Medium,Email,Technical Issue,Resolved,4.1,63.74,2
TK00742,2026-05-12T18:21:00Z,2026-05-12T19:31:28.043Z,,T01,High,Chat,Technical Issue,Open,1.17,,
TK00743,2026-05-09T08:17:00Z,2026-05-09T10:52:09.097Z,2026-05-10T22:53:30.216Z,T03,High,Phone,Billing Query,Resolved,2.59,38.61,4
TK00744,2026-06-23T16:40:00Z,2026-06-23T18:20:51.404Z,,T02,High,Chat,Technical Issue,Open,1.68,,
TK00745,2026-07-03T09:33:00Z,2026-07-03T12:44:13.284Z,2026-07-06T10:52:42.862Z,T02,Medium,Email,Technical Issue,Resolved,3.19,73.33,3
TK00746,2026-05-27T12:39:00Z,2026-05-27T23:39:55.943Z,2026-05-29T09:06:40.272Z,T03,Medium,Web,Cancellation,Resolved,11.02,44.46,3
TK00747,2026-07-21T16:27:00Z,2026-07-21T20:13:40.315Z,2026-07-22T02:24:51.557Z,T01,Medium,Web,Account Access,Resolved,3.78,9.96,5
TK00748,2026-07-11T10:12:00Z,2026-07-11T12:37:11.460Z,2026-07-13T15:33:57.391Z,T02,Medium,Web,Technical Issue,Resolved,2.42,53.37,4
TK00749,2026-07-14T17:54:00Z,2026-07-14T20:04:22.374Z,2026-07-15T10:41:19.395Z,T01,High,Chat,Account Access,Resolved,2.17,16.79,5
TK00750,2026-06-06T17:25:00Z,2026-06-06T21:34:05.885Z,2026-06-07T20:34:19.086Z,T01,Medium,Email,Cancellation,Resolved,4.15,27.16,3
TK00751,2026-06-07T14:26:00Z,2026-06-07T17:54:04.250Z,,T03,Medium,Web,Billing Query,Pending,3.47,,
TK00752,2026-05-27T08:50:00Z,2026-05-27T12:55:51.762Z,2026-05-27T17:26:30.942Z,T01,Medium,Email,Account Access,Resolved,4.1,8.61,4
TK00753,2026-06-15T15:11:00Z,2026-06-15T19:55:42.495Z,2026-06-17T14:44:11.944Z,T03,Medium,Email,Billing Query,Resolved,4.75,47.55,2
TK00754,2026-07-15T10:55:00Z,2026-07-15T13:56:30.285Z,2026-07-17T17:10:05.742Z,T03,Medium,Phone,Billing Query,Resolved,3.03,54.25,2
TK00755,2026-05-14T18:50:00Z,2026-05-14T21:01:31.366Z,2026-05-15T03:18:09.219Z,T01,High,Chat,Account Access,Resolved,2.19,8.47,4
TK00756,2026-07-14T16:21:00Z,2026-07-14T19:51:06.050Z,2026-07-15T02:57:37.276Z,T01,High,Web,Delivery Question,Resolved,3.5,10.61,4
TK00757,2026-05-18T11:43:00Z,2026-05-18T16:53:55.984Z,,T04,Medium,Chat,Cancellation,Pending,5.18,,
TK00758,2026-05-04T09:20:00Z,2026-05-04T16:04:53.820Z,2026-05-06T16:02:07.140Z,T03,Low,Web,Cancellation,Resolved,6.75,54.7,3
TK00759,2026-06-10T08:34:00Z,2026-06-10T12:19:09.017Z,2026-06-12T15:14:56.701Z,T02,Medium,Email,Technical Issue,Resolved,3.75,54.68,3
TK00760,2026-06-05T13:30:00Z,2026-06-05T19:42:16.503Z,2026-06-07T08:32:17.398Z,T03,Medium,Email,Billing Query,Resolved,6.2,43.04,3
TK00761,2026-06-29T14:42:00Z,2026-06-29T18:26:51.258Z,2026-07-03T20:38:08.540Z,T02,Low,Web,Technical Issue,Resolved,3.75,101.94,3
TK00762,2026-06-01T09:24:00Z,2026-06-01T16:47:20.213Z,2026-06-03T06:45:36.661Z,T04,Low,Web,Delivery Question,Resolved,7.39,45.36,5
TK00763,2026-06-24T09:40:00Z,2026-06-24T15:28:37.117Z,2026-06-27T09:21:12.811Z,T02,Medium,Email,Technical Issue,Resolved,5.81,71.69,3
TK00764,2026-06-11T10:10:00Z,2026-06-11T11:53:59.508Z,2026-06-13T01:17:47.851Z,T02,High,Web,Technical Issue,Resolved,1.73,39.13,5
TK00765,2026-05-12T09:16:00Z,2026-05-12T13:06:31.749Z,2026-05-12T18:13:39.888Z,T01,Medium,Web,Delivery Question,Resolved,3.84,8.96,5
TK00766,2026-06-04T11:00:00Z,2026-06-04T14:56:34.020Z,2026-06-05T14:11:52.490Z,T01,Low,Chat,Delivery Question,Resolved,3.94,27.2,4
TK00767,2026-05-25T16:15:00Z,2026-05-25T17:41:04.005Z,2026-05-26T09:43:18.168Z,T01,Low,Phone,Account Access,Resolved,1.43,17.47,5
TK00768,2026-07-26T18:35:00Z,2026-07-27T00:03:25.671Z,2026-07-28T05:14:09.622Z,T04,High,Email,Delivery Question,Resolved,5.47,34.65,4
TK00769,2026-07-08T13:33:00Z,2026-07-08T17:34:32.432Z,2026-07-10T13:52:17.077Z,T02,Medium,Web,Technical Issue,Resolved,4.03,48.32,2
TK00770,2026-05-04T12:59:00Z,2026-05-04T17:30:44.414Z,2026-05-06T01:23:55.465Z,T03,Low,Chat,Billing Query,Resolved,4.53,36.42,1
TK00771,2026-06-22T18:34:00Z,2026-06-23T00:40:16.027Z,,T03,High,Email,Billing Query,Open,6.1,,
TK00772,2026-07-24T10:54:00Z,2026-07-24T14:54:35.311Z,2026-07-25T00:33:39.419Z,T01,Medium,Web,Delivery Question,Resolved,4.01,13.66,3
TK00773,2026-06-01T18:55:00Z,2026-06-01T21:50:48.979Z,2026-06-02T11:36:59.352Z,T03,High,Phone,Delivery Question,Resolved,2.93,16.7,5
TK00774,2026-06-11T12:12:00Z,2026-06-11T20:50:54.373Z,,T04,Medium,Email,Delivery Question,Open,8.65,,
TK00775,2026-07-16T10:09:00Z,2026-07-16T11:40:53.790Z,,T01,Low,Phone,Delivery Question,Pending,1.53,,
TK00776,2026-05-10T18:08:00Z,2026-05-10T20:20:51.750Z,2026-05-12T04:39:48.711Z,T01,Medium,Chat,Billing Query,Resolved,2.21,34.53,4
TK00777,2026-06-12T11:19:00Z,2026-06-12T15:56:43.465Z,2026-06-14T04:00:28.916Z,T03,High,Email,Billing Query,Resolved,4.63,40.69,3
TK00778,2026-05-06T11:22:00Z,2026-05-06T16:27:36.846Z,2026-05-08T06:20:02.482Z,T04,High,Email,Cancellation,Resolved,5.09,42.97,4
TK00779,2026-06-25T11:48:00Z,2026-06-25T13:46:07.493Z,2026-06-25T16:18:48.653Z,T01,Urgent,Web,Delivery Question,Resolved,1.97,4.51,4
TK00780,2026-07-23T09:59:00Z,2026-07-23T12:36:50.411Z,,T02,Low,Chat,Technical Issue,Open,2.63,,
TK00781,2026-06-11T08:23:00Z,2026-06-11T12:08:46.497Z,2026-06-11T21:40:00.507Z,T03,Urgent,Email,Billing Query,Resolved,3.76,13.28,5
TK00782,2026-06-26T17:25:00Z,2026-06-26T21:06:23.235Z,2026-07-01T22:47:30.338Z,T02,Low,Chat,Technical Issue,Resolved,3.69,125.38,4
TK00783,2026-05-30T08:27:00Z,2026-05-30T18:22:26.098Z,2026-05-31T17:09:10.620Z,T03,Low,Web,Delivery Question,Resolved,9.92,32.7,3
TK00784,2026-06-18T17:17:00Z,2026-06-19T04:18:11.053Z,2026-06-21T01:36:11.251Z,T04,Low,Web,Cancellation,Resolved,11.02,56.32,3
TK00785,2026-05-21T10:39:00Z,2026-05-21T12:22:42.397Z,2026-05-21T17:53:35.687Z,T01,High,Chat,Account Access,Resolved,1.73,7.24,5
TK00786,2026-06-08T12:02:00Z,2026-06-08T16:04:18.883Z,2026-06-10T00:39:50.570Z,T03,Medium,Web,Billing Query,Resolved,4.04,36.63,3
TK00787,2026-06-23T14:21:00Z,2026-06-23T18:54:28.530Z,,T04,Urgent,Web,Delivery Question,Pending,4.56,,
TK00788,2026-05-09T15:22:00Z,2026-05-10T00:35:31.126Z,2026-05-12T01:37:24.536Z,T04,Medium,Email,Technical Issue,Resolved,9.23,58.26,3
TK00789,2026-06-09T18:10:00Z,2026-06-09T22:31:08.134Z,,T03,Medium,Email,Billing Query,Open,4.35,,
TK00790,2026-06-08T13:17:00Z,2026-06-08T14:43:28.275Z,2026-06-10T09:38:21.539Z,T02,High,Phone,Technical Issue,Resolved,1.44,44.36,4
TK00791,2026-05-23T09:56:00Z,2026-05-23T15:29:54.674Z,,T03,Medium,Email,Billing Query,Open,5.57,,
TK00792,2026-07-14T14:24:00Z,2026-07-14T20:51:53.925Z,2026-07-16T01:34:11.439Z,T03,Medium,Web,Delivery Question,Resolved,6.46,35.17,4
TK00793,2026-05-27T08:38:00Z,2026-05-27T10:47:45.387Z,2026-05-27T15:56:42.340Z,T01,High,Chat,Delivery Question,Resolved,2.16,7.31,5
TK00794,2026-05-05T14:15:00Z,2026-05-05T22:09:55.377Z,,T04,Low,Web,Cancellation,Open,7.92,,
TK00795,2026-05-16T12:22:00Z,2026-05-16T14:41:45.812Z,2026-05-17T14:43:00.249Z,T02,Urgent,Email,Technical Issue,Resolved,2.33,26.35,5
TK00796,2026-05-31T13:10:00Z,2026-05-31T13:29:46.207Z,2026-05-31T20:41:03.306Z,T01,Urgent,Phone,Account Access,Resolved,0.33,7.52,4
TK00797,2026-05-22T13:15:00Z,2026-05-22T17:04:42.332Z,2026-05-24T19:32:33.686Z,T02,Medium,Web,Technical Issue,Resolved,3.83,54.29,3
TK00798,2026-06-10T15:31:00Z,2026-06-10T16:54:28.065Z,2026-06-11T00:14:08.821Z,T01,Urgent,Email,Account Access,Resolved,1.39,8.72,5
TK00799,2026-06-08T08:02:00Z,2026-06-08T14:23:51.684Z,2026-06-08T22:21:05.367Z,T01,Low,Email,Account Access,Resolved,6.36,14.32,3
TK00800,2026-06-07T08:22:00Z,2026-06-07T12:33:37.608Z,2026-06-09T10:28:24.678Z,T02,Low,Email,Technical Issue,Resolved,4.19,50.11,3
TK00801,2026-05-18T17:25:00Z,2026-05-18T23:16:16.112Z,2026-05-21T07:46:34.500Z,T04,Medium,Chat,Cancellation,Resolved,5.85,62.36,3
TK00802,2026-06-29T16:08:00Z,2026-06-29T19:52:38.197Z,2026-07-01T05:51:19.587Z,T02,High,Web,Technical Issue,Resolved,3.74,37.72,2
TK00803,2026-05-27T10:43:00Z,2026-05-27T13:02:46.961Z,2026-05-28T14:07:23.226Z,T02,High,Email,Technical Issue,Resolved,2.33,27.41,5
TK00804,2026-06-24T09:22:00Z,2026-06-24T13:16:41.432Z,2026-06-28T23:03:26.342Z,T02,Low,Chat,Technical Issue,Resolved,3.91,109.69,2
TK00805,2026-07-23T08:20:00Z,2026-07-23T12:01:03.181Z,2026-07-24T14:10:46.004Z,T01,Low,Chat,Cancellation,Resolved,3.68,29.85,4
TK00806,2026-05-14T14:08:00Z,2026-05-14T15:17:59.595Z,2026-05-14T20:29:57.208Z,T01,High,Chat,Account Access,Resolved,1.17,6.37,5
TK00807,2026-06-27T18:56:00Z,2026-06-28T01:09:03.010Z,2026-06-28T18:34:20.520Z,T01,Medium,Email,Account Access,Resolved,6.22,23.64,4
TK00808,2026-07-25T14:38:00Z,2026-07-25T18:35:58.791Z,2026-07-27T07:04:04.828Z,T02,High,Email,Technical Issue,Resolved,3.97,40.43,3
TK00809,2026-06-18T14:21:00Z,2026-06-18T18:01:06.217Z,2026-06-19T09:35:03.702Z,T03,Urgent,Web,Delivery Question,Resolved,3.67,19.23,4
TK00810,2026-05-09T16:46:00Z,2026-05-09T20:09:53.881Z,2026-05-10T15:15:09.100Z,T02,High,Email,Technical Issue,Resolved,3.4,22.49,3
TK00811,2026-07-26T14:12:00Z,2026-07-26T15:37:14.502Z,2026-07-27T19:40:00.645Z,T02,High,Chat,Technical Issue,Resolved,1.42,29.47,5
TK00812,2026-07-17T14:50:00Z,2026-07-17T22:28:42.359Z,2026-07-20T17:52:10.162Z,T03,Low,Email,Billing Query,Resolved,7.65,75.04,3
TK00813,2026-05-20T13:25:00Z,2026-05-20T19:07:51.830Z,,T01,Medium,Web,Delivery Question,Open,5.71,,
TK00814,2026-05-31T14:41:00Z,2026-05-31T17:33:44.279Z,,T01,Low,Email,Billing Query,Open,2.88,,
TK00815,2026-05-14T13:47:00Z,2026-05-14T15:25:54.950Z,2026-05-15T08:17:22.211Z,T01,Medium,Chat,Technical Issue,Resolved,1.65,18.51,4
TK00816,2026-06-15T15:35:00Z,2026-06-15T17:34:08.838Z,2026-06-16T07:25:10.208Z,T01,High,Chat,Delivery Question,Resolved,1.99,15.84,3
TK00817,2026-05-11T17:22:00Z,2026-05-11T19:00:37.983Z,,T01,Low,Web,Technical Issue,Open,1.64,,
TK00818,2026-05-10T18:38:00Z,2026-05-10T21:23:49.554Z,2026-05-11T06:26:48.863Z,T01,High,Email,Delivery Question,Resolved,2.76,11.81,5
TK00819,2026-05-25T15:27:00Z,2026-05-25T17:08:17.447Z,2026-05-26T12:12:16.383Z,T04,High,Web,Delivery Question,Resolved,1.69,20.75,3
TK00820,2026-07-07T17:23:00Z,2026-07-07T21:21:21.854Z,2026-07-09T06:11:46.639Z,T01,Medium,Web,Billing Query,Resolved,3.97,36.81,3
TK00821,2026-06-18T10:37:00Z,2026-06-18T13:09:11.540Z,2026-06-19T17:33:14.276Z,T04,Urgent,Phone,Technical Issue,Resolved,2.54,30.94,4
TK00822,2026-05-28T11:55:00Z,2026-05-28T16:38:43.504Z,2026-05-29T13:06:14.486Z,T03,High,Email,Delivery Question,Resolved,4.73,25.19,3
TK00823,2026-05-22T09:26:00Z,2026-05-22T16:36:11.323Z,2026-05-24T03:30:48.123Z,T04,Low,Email,Delivery Question,Resolved,7.17,42.08,5
TK00824,2026-06-14T11:26:00Z,2026-06-14T16:14:24.687Z,2026-06-16T09:34:11.342Z,T03,Medium,Chat,Billing Query,Resolved,4.81,46.14,2
TK00825,2026-07-21T15:25:00Z,2026-07-21T19:13:52.924Z,2026-07-22T11:03:34.479Z,T01,Low,Email,Account Access,Resolved,3.81,19.64,5
TK00826,2026-05-06T08:47:00Z,2026-05-06T13:43:28.949Z,2026-05-08T04:48:37.991Z,T04,Low,Chat,Cancellation,Resolved,4.94,44.03,4
TK00827,2026-06-20T12:56:00Z,2026-06-20T15:11:11.504Z,2026-06-22T06:38:40.516Z,T02,Medium,Chat,Technical Issue,Resolved,2.25,41.71,4
TK00828,2026-05-09T15:30:00Z,2026-05-09T17:34:48.362Z,,T01,High,Web,Account Access,Open,2.08,,
TK00829,2026-06-26T12:37:00Z,2026-06-26T18:37:02.293Z,2026-06-27T18:19:33.974Z,T01,Low,Web,Account Access,Resolved,6,29.71,2
TK00830,2026-06-16T16:20:00Z,2026-06-17T00:21:57.360Z,2026-06-17T21:00:02.424Z,T04,Medium,Web,Cancellation,Resolved,8.03,28.67,4
TK00831,2026-05-13T11:02:00Z,2026-05-13T14:37:45.239Z,,T02,Medium,Email,Technical Issue,Pending,3.6,,
TK00832,2026-05-04T09:59:00Z,2026-05-04T14:34:38.674Z,2026-05-06T12:18:43.829Z,T02,Medium,Email,Account Access,Resolved,4.59,50.33,3
TK00833,2026-06-04T08:46:00Z,2026-06-04T17:13:50.778Z,2026-06-05T23:25:11.473Z,T03,Low,Email,Delivery Question,Resolved,8.46,38.65,4
TK00834,2026-06-27T15:11:00Z,2026-06-27T23:41:52.843Z,,T02,Low,Web,Technical Issue,Pending,8.51,,
TK00835,2026-06-26T13:49:00Z,2026-06-26T16:21:17.840Z,2026-06-27T22:18:38.375Z,T02,High,Chat,Technical Issue,Resolved,2.54,32.49,4
TK00836,2026-05-24T08:02:00Z,2026-05-24T13:30:44.022Z,,T01,Low,Email,Account Access,Open,5.48,,
TK00837,2026-06-12T12:50:00Z,2026-06-12T16:49:40.630Z,,T03,Medium,Chat,Billing Query,Open,3.99,,
TK00838,2026-05-28T18:41:00Z,2026-05-28T20:47:38.752Z,2026-05-29T19:36:04.617Z,T02,Urgent,Web,Technical Issue,Resolved,2.11,24.92,4
TK00839,2026-05-28T15:35:00Z,2026-05-28T17:37:28.310Z,2026-05-29T12:16:38.432Z,T01,High,Chat,Technical Issue,Resolved,2.04,20.69,4
TK00840,2026-06-23T08:01:00Z,2026-06-23T11:19:43.612Z,2026-06-23T23:02:36.542Z,T01,Medium,Phone,Delivery Question,Resolved,3.31,15.03,4
TK00841,2026-06-26T17:42:00Z,2026-06-26T22:29:36.037Z,2026-06-26T22:59:36.037Z,T01,Medium,Chat,Delivery Question,Resolved,4.79,5.29,4
TK00842,2026-05-07T12:52:00Z,2026-05-07T15:45:27.887Z,,T04,Urgent,Email,Delivery Question,Open,2.89,,
TK00843,2026-06-12T14:35:00Z,2026-06-12T19:50:22.609Z,2026-06-14T19:28:49.287Z,T04,Medium,Chat,Cancellation,Resolved,5.26,52.9,2
TK00844,2026-07-03T16:53:00Z,2026-07-03T19:25:35.697Z,2026-07-05T23:07:11.603Z,T03,Medium,Chat,Cancellation,Resolved,2.54,54.24,4
TK00845,2026-06-06T16:52:00Z,2026-06-06T20:28:26.222Z,2026-06-08T20:44:55.039Z,T04,Medium,Chat,Cancellation,Resolved,3.61,51.88,3
TK00846,2026-07-01T10:11:00Z,2026-07-01T15:26:58.373Z,2026-07-02T05:27:40.087Z,T01,Medium,Chat,Account Access,Resolved,5.27,19.28,4
TK00847,2026-06-07T18:39:00Z,2026-06-08T00:33:34.029Z,2026-06-10T08:46:02.809Z,T03,Medium,Email,Billing Query,Resolved,5.91,62.12,3
TK00848,2026-06-25T18:13:00Z,2026-06-26T02:44:00.457Z,2026-06-28T05:38:50.577Z,T03,Medium,Web,Billing Query,Resolved,8.52,59.43,2
TK00849,2026-06-27T16:22:00Z,2026-06-27T20:14:49.181Z,2026-06-30T07:50:55.392Z,T03,Low,Chat,Delivery Question,Resolved,3.88,63.48,4
TK00850,2026-07-03T11:40:00Z,2026-07-03T20:28:22.941Z,2026-07-08T06:11:56.601Z,T04,Low,Web,Technical Issue,Resolved,8.81,114.53,3
TK00851,2026-05-18T18:50:00Z,2026-05-18T21:53:52.974Z,2026-05-19T22:07:06.634Z,T01,Low,Web,Delivery Question,Resolved,3.06,27.29,4
TK00852,2026-06-14T18:17:00Z,2026-06-14T20:11:33.682Z,2026-06-16T15:08:34.678Z,T03,Medium,Phone,Billing Query,Resolved,1.91,44.86,4
TK00853,2026-06-14T10:32:00Z,2026-06-14T12:04:55.210Z,,T01,Low,Email,Account Access,Open,1.55,,
TK00854,2026-07-01T15:51:00Z,2026-07-01T19:30:08.276Z,2026-07-02T16:35:41.802Z,T01,Medium,Email,Delivery Question,Resolved,3.65,24.74,4
TK00855,2026-07-24T14:28:00Z,2026-07-24T15:52:47.985Z,2026-07-25T10:24:48.974Z,T04,Urgent,Chat,Cancellation,Resolved,1.41,19.95,4
TK00856,2026-06-02T11:20:00Z,2026-06-02T14:00:15.604Z,,T02,Medium,Email,Technical Issue,Open,2.67,,
TK00857,2026-06-09T08:04:00Z,2026-06-09T11:01:26.528Z,2026-06-11T17:13:29.118Z,T03,Medium,Chat,Billing Query,Resolved,2.96,57.16,3
TK00858,2026-06-02T13:45:00Z,2026-06-02T18:04:53.001Z,,T02,Low,Email,Technical Issue,Open,4.33,,
TK00859,2026-05-21T11:03:00Z,2026-05-21T14:24:19.215Z,2026-05-22T19:11:47.952Z,T04,Medium,Chat,Delivery Question,Resolved,3.36,32.15,4
TK00860,2026-05-20T15:14:00Z,2026-05-20T20:05:38.374Z,2026-05-21T06:25:40.378Z,T01,Medium,Email,Account Access,Resolved,4.86,15.19,4
TK00861,2026-05-26T16:51:00Z,2026-05-26T18:39:33.955Z,2026-05-27T07:57:04.118Z,T04,Urgent,Chat,Delivery Question,Resolved,1.81,15.1,5
TK00862,2026-06-17T09:31:00Z,2026-06-17T13:22:35.716Z,,T04,High,Phone,Account Access,Pending,3.86,,
TK00863,2026-05-21T18:41:00Z,2026-05-21T21:17:50.957Z,2026-05-23T12:39:28.626Z,T04,High,Email,Cancellation,Resolved,2.61,41.97,4
TK00864,2026-05-05T11:16:00Z,2026-05-05T13:04:31.543Z,2026-05-06T22:57:46.328Z,T04,Urgent,Chat,Cancellation,Resolved,1.81,35.7,5
TK00865,2026-05-04T14:34:00Z,2026-05-04T16:08:24.561Z,2026-05-06T01:38:57.336Z,T02,Medium,Email,Account Access,Resolved,1.57,35.08,4
TK00866,2026-05-08T11:05:00Z,2026-05-08T13:56:20.239Z,2026-05-09T07:43:53.008Z,T03,High,Chat,Delivery Question,Resolved,2.86,20.65,5
TK00867,2026-07-14T11:14:00Z,2026-07-14T12:45:57.974Z,2026-07-15T11:46:47.565Z,T03,High,Web,Billing Query,Resolved,1.53,24.55,5
TK00868,2026-06-14T18:32:00Z,2026-06-14T22:33:44.303Z,2026-06-17T16:01:29.435Z,T04,Low,Chat,Cancellation,Resolved,4.03,69.49,3
TK00869,2026-07-09T09:09:00Z,2026-07-09T11:47:36.695Z,2026-07-10T21:48:34.102Z,T04,High,Phone,Cancellation,Resolved,2.64,36.66,4
TK00870,2026-07-21T09:10:00Z,2026-07-21T12:23:21.256Z,,T04,Medium,Chat,Delivery Question,Open,3.22,,
TK00871,2026-06-04T16:06:00Z,2026-06-04T18:13:21.921Z,2026-06-06T08:58:09.718Z,T01,Low,Email,Technical Issue,Resolved,2.12,40.87,4
TK00872,2026-05-18T08:36:00Z,2026-05-18T10:39:13.709Z,,T02,Medium,Web,Technical Issue,Open,2.05,,
TK00873,2026-07-01T10:00:00Z,2026-07-01T13:56:52.011Z,2026-07-03T21:03:36.603Z,T03,Medium,Chat,Billing Query,Resolved,3.95,59.06,4
TK00874,2026-07-24T15:53:00Z,2026-07-24T20:38:14.290Z,2026-07-26T04:18:44.893Z,T02,Medium,Email,Account Access,Resolved,4.75,36.43,2
TK00875,2026-06-07T09:17:00Z,2026-06-07T13:44:15.921Z,2026-06-08T12:46:15.307Z,T04,High,Email,Delivery Question,Resolved,4.45,27.49,4
TK00876,2026-06-28T14:00:00Z,2026-06-28T16:35:43.370Z,2026-06-30T09:48:38.333Z,T01,Medium,Phone,Cancellation,Resolved,2.6,43.81,3
TK00877,2026-06-19T13:45:00Z,2026-06-19T18:22:28.713Z,2026-06-20T15:30:10.869Z,T02,High,Email,Technical Issue,Resolved,4.62,25.75,4
TK00878,2026-06-06T18:36:00Z,2026-06-07T05:37:34.550Z,2026-06-10T01:36:11.726Z,T04,Low,Web,Technical Issue,Resolved,11.03,79,3
TK00879,2026-05-19T11:04:00Z,2026-05-19T14:08:58.007Z,2026-05-22T14:42:22.313Z,T02,Low,Email,Technical Issue,Resolved,3.08,75.64,3
TK00880,2026-05-04T17:12:00Z,2026-05-05T00:47:15.735Z,2026-05-05T23:25:14.361Z,T03,Low,Web,Billing Query,Resolved,7.59,30.22,4
TK00881,2026-07-05T13:42:00Z,2026-07-05T16:22:42.146Z,2026-07-07T07:00:58.546Z,T03,High,Chat,Billing Query,Resolved,2.68,41.32,4
TK00882,2026-07-09T18:00:00Z,2026-07-09T20:22:33.991Z,2026-07-10T21:20:00.404Z,T02,High,Web,Technical Issue,Resolved,2.38,27.33,5
TK00883,2026-06-21T18:49:00Z,2026-06-22T00:02:57.350Z,2026-06-22T15:04:06.878Z,T01,High,Email,Account Access,Resolved,5.23,20.25,3
TK00884,2026-05-20T11:21:00Z,2026-05-20T12:52:25.038Z,2026-05-21T00:28:52.841Z,T01,Low,Web,Delivery Question,Resolved,1.52,13.13,5
TK00885,2026-05-19T10:53:00Z,2026-05-19T14:49:36.670Z,2026-05-20T10:12:29.999Z,T03,High,Email,Delivery Question,Resolved,3.94,23.32,4
TK00886,2026-05-20T16:37:00Z,2026-05-20T21:31:55.025Z,2026-05-22T09:08:30.092Z,T03,Medium,Chat,Cancellation,Resolved,4.92,40.53,2
TK00887,2026-06-15T14:08:00Z,2026-06-15T18:49:25.857Z,2026-06-16T18:22:57.575Z,T02,Medium,Email,Technical Issue,Resolved,4.69,28.25,5
TK00888,2026-05-05T09:55:00Z,2026-05-05T12:05:13.721Z,2026-05-05T20:09:36.074Z,T01,Medium,Chat,Delivery Question,Resolved,2.17,10.24,5
TK00889,2026-05-07T09:52:00Z,2026-05-07T14:10:58.923Z,2026-05-10T11:49:00.017Z,T02,Low,Web,Technical Issue,Resolved,4.32,73.95,3
TK00890,2026-05-10T18:29:00Z,2026-05-10T23:07:51.633Z,2026-05-12T19:33:47.992Z,T02,Medium,Email,Technical Issue,Resolved,4.65,49.08,2
TK00891,2026-05-11T11:08:00Z,2026-05-11T13:50:34.484Z,2026-05-13T02:34:50.636Z,T04,Medium,Email,Delivery Question,Resolved,2.71,39.45,5
TK00892,2026-06-12T14:58:00Z,2026-06-12T18:55:10.699Z,,T01,Low,Chat,Account Access,Pending,3.95,,
TK00893,2026-07-06T12:01:00Z,2026-07-06T15:15:23.579Z,2026-07-08T19:56:22.859Z,T02,Medium,Web,Technical Issue,Resolved,3.24,55.92,3
TK00894,2026-07-13T16:14:00Z,2026-07-13T17:45:55.483Z,,T01,High,Phone,Account Access,Pending,1.53,,
TK00895,2026-06-19T12:06:00Z,2026-06-19T15:48:51.473Z,2026-06-20T07:12:59.169Z,T01,Low,Web,Account Access,Resolved,3.71,19.12,4
TK00896,2026-07-17T09:09:00Z,2026-07-17T11:39:17.344Z,2026-07-17T21:54:57.144Z,T01,Medium,Chat,Account Access,Resolved,2.5,12.77,5
TK00897,2026-05-26T13:51:00Z,2026-05-26T17:52:32.799Z,2026-05-29T04:22:12.011Z,T02,Low,Web,Technical Issue,Resolved,4.03,62.52,3
TK00898,2026-06-06T10:00:00Z,2026-06-06T13:05:13.426Z,2026-06-07T05:32:22.879Z,T01,Medium,Web,Delivery Question,Resolved,3.09,19.54,5
TK00899,2026-06-24T09:31:00Z,2026-06-24T12:04:59.049Z,2026-06-26T07:57:22.873Z,T02,High,Phone,Technical Issue,Resolved,2.57,46.44,4
TK00900,2026-05-13T11:08:00Z,2026-05-13T16:30:56.619Z,2026-05-14T03:58:01.207Z,T01,Low,Email,Account Access,Resolved,5.38,16.83,3
TK00901,2026-07-23T10:27:00Z,2026-07-23T15:25:09.952Z,,T03,Medium,Chat,Billing Query,Open,4.97,,
TK00902,2026-06-04T12:42:00Z,2026-06-04T16:56:20.697Z,2026-06-07T00:42:35.957Z,T02,Medium,Web,Technical Issue,Resolved,4.24,60.01,2
TK00903,2026-05-17T12:58:00Z,2026-05-17T14:31:07.060Z,2026-05-19T02:03:40.425Z,T03,Medium,Chat,Billing Query,Resolved,1.55,37.09,5
TK00904,2026-07-26T13:30:00Z,2026-07-26T14:50:36.967Z,,T02,Low,Chat,Technical Issue,Open,1.34,,
TK00905,2026-06-06T15:24:00Z,2026-06-06T19:24:30.830Z,2026-06-08T18:13:04.733Z,T02,Medium,Email,Technical Issue,Resolved,4.01,50.82,2
TK00906,2026-05-28T15:45:00Z,2026-05-28T21:11:07.729Z,2026-05-30T09:34:24.090Z,T03,Medium,Web,Billing Query,Resolved,5.44,41.82,3
TK00907,2026-05-31T17:12:00Z,2026-06-01T03:59:33.233Z,2026-06-02T16:40:51.243Z,T04,Low,Email,Cancellation,Resolved,10.79,47.48,4
TK00908,2026-07-10T13:02:00Z,2026-07-10T16:56:52.389Z,2026-07-11T04:06:28.293Z,T01,High,Email,Billing Query,Resolved,3.91,15.07,4
TK00909,2026-07-02T18:53:00Z,2026-07-02T21:18:56.678Z,2026-07-03T10:36:00.114Z,T01,High,Chat,Technical Issue,Resolved,2.43,15.72,4
TK00910,2026-06-12T18:20:00Z,2026-06-12T20:56:40.779Z,2026-06-15T05:33:39.343Z,T03,Low,Chat,Billing Query,Resolved,2.61,59.23,3
TK00911,2026-05-28T15:22:00Z,2026-05-28T20:01:12.908Z,2026-05-30T04:07:49.101Z,T04,Medium,Chat,Account Access,Resolved,4.65,36.76,5
TK00912,2026-06-24T13:30:00Z,2026-06-24T21:41:04.210Z,2026-06-27T15:24:09.638Z,T03,Medium,Email,Billing Query,Resolved,8.18,73.9,4
TK00913,2026-06-19T14:14:00Z,2026-06-19T17:49:57.562Z,2026-06-20T12:17:17.765Z,T01,Medium,Chat,Account Access,Resolved,3.6,22.05,5
TK00914,2026-06-20T12:48:00Z,2026-06-20T16:04:03.483Z,2026-06-21T18:36:35.645Z,T01,High,Web,Technical Issue,Resolved,3.27,29.81,4
TK00915,2026-07-05T08:16:00Z,2026-07-05T17:36:10.230Z,2026-07-06T17:58:57.566Z,T03,Medium,Web,Billing Query,Resolved,9.34,33.72,3
TK00916,2026-05-06T11:27:00Z,2026-05-06T17:11:14.525Z,2026-05-07T06:01:46.697Z,T04,Medium,Chat,Delivery Question,Resolved,5.74,18.58,5
TK00917,2026-05-31T12:12:00Z,2026-05-31T15:36:45.040Z,2026-06-01T08:37:51.294Z,T01,Medium,Chat,Delivery Question,Resolved,3.41,20.43,5
TK00918,2026-07-23T10:22:00Z,2026-07-23T13:11:40.404Z,2026-07-24T02:31:16.643Z,T03,Urgent,Email,Billing Query,Resolved,2.83,16.15,5
TK00919,2026-07-24T13:32:00Z,2026-07-24T14:17:55.130Z,2026-07-24T20:54:10.927Z,T01,High,Phone,Account Access,Resolved,0.77,7.37,5
TK00920,2026-06-24T14:10:00Z,2026-06-24T20:34:50.576Z,2026-06-27T20:15:44.230Z,T04,Medium,Chat,Cancellation,Resolved,6.41,78.1,3
TK00921,2026-05-17T11:33:00Z,2026-05-17T15:27:27.394Z,2026-05-19T10:13:59.914Z,T04,Medium,Phone,Delivery Question,Resolved,3.91,46.68,4
TK00922,2026-07-15T10:40:00Z,2026-07-15T13:49:16.473Z,2026-07-17T15:31:55.285Z,T04,High,Chat,Cancellation,Resolved,3.15,52.87,4
TK00923,2026-05-19T12:09:00Z,2026-05-19T16:56:09.946Z,2026-05-20T03:25:46.445Z,T04,Low,Chat,Delivery Question,Resolved,4.79,15.28,4
TK00924,2026-06-16T11:36:00Z,2026-06-16T15:59:04.249Z,2026-06-17T08:12:55.281Z,T01,Low,Web,Delivery Question,Resolved,4.38,20.62,4
TK00925,2026-05-15T14:50:00Z,2026-05-15T17:48:06.907Z,2026-05-16T12:12:06.142Z,T03,Urgent,Chat,Cancellation,Resolved,2.97,21.37,5
TK00926,2026-06-28T14:08:00Z,2026-06-29T01:13:43.654Z,,T03,Medium,Web,Cancellation,Pending,11.1,,
TK00927,2026-07-13T11:12:00Z,2026-07-13T14:12:02.507Z,2026-07-13T20:38:57.907Z,T01,Medium,Chat,Delivery Question,Resolved,3,9.45,3
TK00928,2026-07-23T11:07:00Z,2026-07-23T12:27:02.947Z,2026-07-24T21:14:22.092Z,T03,High,Phone,Billing Query,Resolved,1.33,34.12,4
TK00929,2026-06-16T15:12:00Z,2026-06-16T16:53:09.057Z,2026-06-19T20:29:56.941Z,T02,High,Chat,Technical Issue,Resolved,1.69,77.3,5
TK00930,2026-06-27T10:26:00Z,2026-06-27T12:09:56.687Z,2026-06-27T22:37:38.023Z,T02,Urgent,Chat,Technical Issue,Resolved,1.73,12.19,5
TK00931,2026-05-12T10:12:00Z,2026-05-12T15:55:10.299Z,2026-05-13T09:07:50.122Z,T04,High,Email,Delivery Question,Resolved,5.72,22.93,4
TK00932,2026-07-06T08:07:00Z,2026-07-06T11:17:22.549Z,2026-07-06T19:09:04.570Z,T01,Medium,Phone,Account Access,Resolved,3.17,11.03,5
TK00933,2026-06-13T10:57:00Z,2026-06-13T14:23:09.632Z,2026-06-13T19:28:15.788Z,T01,Medium,Chat,Delivery Question,Resolved,3.44,8.52,5
TK00934,2026-05-24T13:58:00Z,2026-05-24T19:34:01.140Z,2026-05-28T02:23:46.133Z,T04,Medium,Email,Cancellation,Resolved,5.6,84.43,3
TK00935,2026-07-26T13:03:00Z,2026-07-26T18:45:41.041Z,,T03,Medium,Email,Cancellation,Open,5.71,,
TK00936,2026-06-29T16:28:00Z,2026-06-29T20:49:51.855Z,,T04,Medium,Web,Delivery Question,Pending,4.36,,
TK00937,2026-07-17T11:50:00Z,2026-07-17T14:44:20.466Z,2026-07-17T15:46:40Z,T01,High,Email,Account Access,Resolved,2.91,3.94,5
TK00938,2026-06-12T10:38:00Z,2026-06-12T13:10:06.202Z,2026-06-14T14:40:17.998Z,T02,Medium,Web,Technical Issue,Resolved,2.54,52.04,4
TK00939,2026-06-29T11:00:00Z,2026-06-29T14:19:32.091Z,2026-06-29T21:31:44.514Z,T01,High,Chat,Account Access,Resolved,3.33,10.53,5
TK00940,2026-06-30T10:06:00Z,2026-06-30T14:15:25.648Z,2026-07-01T12:28:17.967Z,T01,Medium,Chat,Account Access,Resolved,4.16,26.37,1
TK00941,2026-05-31T11:20:00Z,2026-05-31T13:04:49.698Z,2026-06-01T06:48:33.297Z,T01,Medium,Chat,Delivery Question,Resolved,1.75,19.48,5
TK00942,2026-05-24T16:28:00Z,2026-05-24T22:08:22.782Z,2026-05-25T16:24:13.235Z,T03,Low,Email,Billing Query,Resolved,5.67,23.94,5
TK00943,2026-06-02T17:44:00Z,2026-06-02T22:58:03.027Z,2026-06-04T03:14:25.272Z,T03,Medium,Chat,Billing Query,Resolved,5.23,33.51,2
TK00944,2026-05-23T14:34:00Z,2026-05-23T18:36:54.207Z,2026-05-25T14:13:02.113Z,T02,Medium,Email,Technical Issue,Resolved,4.05,47.65,4
TK00945,2026-05-14T15:06:00Z,2026-05-14T17:07:26.356Z,2026-05-15T17:42:32.256Z,T02,Low,Email,Account Access,Resolved,2.02,26.61,5
TK00946,2026-07-16T14:16:00Z,2026-07-16T16:58:09.712Z,2026-07-17T09:22:08.631Z,T01,Medium,Phone,Billing Query,Resolved,2.7,19.1,5
TK00947,2026-07-06T11:16:00Z,2026-07-06T14:18:14.417Z,2026-07-06T22:57:13.130Z,T01,High,Web,Account Access,Resolved,3.04,11.69,5
TK00948,2026-06-10T17:46:00Z,2026-06-10T20:19:04.705Z,2026-06-11T23:41:53.407Z,T02,High,Web,Account Access,Resolved,2.55,29.93,5
TK00949,2026-06-29T16:38:00Z,2026-06-29T20:00:33.507Z,2026-07-02T09:48:15.361Z,T02,Low,Chat,Technical Issue,Resolved,3.38,65.17,4
TK00950,2026-07-23T17:06:00Z,2026-07-24T01:13:17.092Z,2026-07-24T20:55:39.608Z,T04,Medium,Email,Delivery Question,Resolved,8.12,27.83,4
TK00951,2026-06-04T13:39:00Z,2026-06-04T17:43:25.885Z,2026-06-05T06:27:48.532Z,T01,Low,Chat,Delivery Question,Resolved,4.07,16.81,4
TK00952,2026-07-04T17:02:00Z,2026-07-04T18:53:21.556Z,2026-07-06T11:39:24.095Z,T01,High,Chat,Technical Issue,Resolved,1.86,42.62,3
TK00953,2026-05-10T17:42:00Z,2026-05-10T21:31:56.421Z,2026-05-11T02:59:11.508Z,T01,High,Email,Delivery Question,Resolved,3.83,9.29,5
TK00954,2026-05-16T10:12:00Z,2026-05-16T16:46:48.767Z,,T04,Low,Chat,Delivery Question,Open,6.58,,
TK00955,2026-06-15T18:07:00Z,2026-06-15T22:10:12.537Z,2026-06-17T16:34:19.870Z,T03,High,Chat,Billing Query,Resolved,4.05,46.46,2
TK00956,2026-06-20T14:00:00Z,2026-06-21T07:01:54.549Z,2026-06-24T22:55:31Z,T04,Low,Email,Cancellation,Resolved,17.03,104.93,3
TK00957,2026-07-08T11:17:00Z,2026-07-08T16:16:52.859Z,2026-07-10T11:04:53.090Z,T04,Medium,Web,Billing Query,Resolved,5,47.8,4
TK00958,2026-07-20T14:30:00Z,2026-07-20T18:13:50.569Z,,T01,Medium,Chat,Delivery Question,Pending,3.73,,
TK00959,2026-06-22T11:26:00Z,2026-06-22T13:04:08.059Z,2026-06-23T11:37:21.255Z,T01,Low,Email,Account Access,Resolved,1.64,24.19,4
TK00960,2026-06-06T08:32:00Z,2026-06-06T11:28:33.058Z,2026-06-06T16:00:53.021Z,T01,Medium,Chat,Account Access,Resolved,2.94,7.48,5
TK00961,2026-05-31T18:07:00Z,2026-05-31T20:42:38.097Z,2026-06-01T00:20:09.990Z,T01,Urgent,Email,Account Access,Resolved,2.59,6.22,5
TK00962,2026-06-08T11:48:00Z,2026-06-08T14:49:51.241Z,2026-06-09T18:39:41.344Z,T02,Low,Email,Technical Issue,Resolved,3.03,30.86,4
TK00963,2026-07-20T10:56:00Z,2026-07-20T19:58:49.483Z,2026-07-22T18:14:48.893Z,T03,Medium,Email,Billing Query,Resolved,9.05,55.31,4
TK00964,2026-06-21T10:00:00Z,2026-06-21T12:16:44.204Z,,T02,Medium,Email,Technical Issue,Open,2.28,,
TK00965,2026-07-04T17:40:00Z,2026-07-04T20:16:43.746Z,2026-07-05T23:56:56.953Z,T02,High,Chat,Technical Issue,Resolved,2.61,30.28,4
TK00966,2026-05-21T13:33:00Z,2026-05-21T15:29:38.919Z,2026-05-24T09:39:19.201Z,T02,Medium,Web,Technical Issue,Resolved,1.94,68.11,4
TK00967,2026-05-06T09:26:00Z,2026-05-06T11:29:50.084Z,,T01,Urgent,Email,Account Access,Pending,2.06,,
TK00968,2026-07-05T09:02:00Z,2026-07-05T17:56:32.567Z,2026-07-09T21:06:40.517Z,T02,Low,Email,Technical Issue,Resolved,8.91,108.08,1
TK00969,2026-05-29T12:02:00Z,2026-05-29T14:28:25.891Z,2026-05-30T03:55:26.691Z,T01,Medium,Chat,Account Access,Resolved,2.44,15.89,4
TK00970,2026-07-24T15:22:00Z,2026-07-25T00:08:35.066Z,2026-07-26T09:57:05.644Z,T04,Low,Email,Cancellation,Resolved,8.78,42.58,4
TK00971,2026-06-28T13:23:00Z,2026-06-28T17:20:52.762Z,,T01,Medium,Web,Technical Issue,Pending,3.96,,
TK00972,2026-06-15T15:22:00Z,2026-06-15T19:21:27.467Z,2026-06-18T17:55:58.197Z,T02,Medium,Chat,Technical Issue,Resolved,3.99,74.57,2
TK00973,2026-05-16T15:03:00Z,2026-05-16T19:01:37.960Z,2026-05-18T20:59:15.329Z,T02,Medium,Email,Technical Issue,Resolved,3.98,53.94,2
TK00974,2026-07-20T15:13:00Z,2026-07-20T19:03:10.853Z,2026-07-22T02:14:45.749Z,T04,High,Web,Account Access,Resolved,3.84,35.03,5
TK00975,2026-07-23T12:22:00Z,2026-07-23T13:56:17.708Z,2026-07-24T07:52:24.801Z,T02,Urgent,Email,Technical Issue,Resolved,1.57,19.51,5
TK00976,2026-06-15T10:07:00Z,2026-06-15T14:32:45.055Z,,T03,High,Chat,Billing Query,Pending,4.43,,
TK00977,2026-06-25T18:09:00Z,2026-06-25T20:10:40.719Z,2026-06-27T10:32:34.350Z,T02,High,Web,Technical Issue,Resolved,2.03,40.39,4
TK00978,2026-07-19T14:19:00Z,2026-07-19T16:25:40.292Z,2026-07-20T13:19:01.423Z,T02,High,Chat,Technical Issue,Resolved,2.11,23,5
TK00979,2026-06-18T18:13:00Z,2026-06-19T02:52:51.862Z,2026-06-21T20:01:22.288Z,T03,Medium,Chat,Billing Query,Resolved,8.66,73.81,3
TK00980,2026-06-06T09:45:00Z,2026-06-06T13:15:20.544Z,2026-06-07T03:39:37.979Z,T03,High,Email,Billing Query,Resolved,3.51,17.91,5
TK00981,2026-06-11T15:59:00Z,2026-06-11T18:18:49.126Z,,T01,Medium,Phone,Delivery Question,Pending,2.33,,
TK00982,2026-06-08T16:32:00Z,2026-06-08T20:21:37.709Z,,T01,Low,Chat,Technical Issue,Open,3.83,,
TK00983,2026-07-01T09:13:00Z,2026-07-01T15:42:08.331Z,,T04,Medium,Chat,Cancellation,Pending,6.49,,
TK00984,2026-05-18T17:45:00Z,2026-05-18T22:24:01.754Z,2026-05-19T12:42:38.666Z,T01,Medium,Web,Delivery Question,Resolved,4.65,18.96,4
TK00985,2026-07-23T10:32:00Z,2026-07-23T15:56:05.793Z,2026-07-24T18:06:52.250Z,T04,High,Web,Delivery Question,Resolved,5.4,31.58,5
TK00986,2026-06-29T17:21:00Z,2026-06-29T21:37:53.451Z,2026-07-02T13:37:31.610Z,T02,Medium,Chat,Technical Issue,Resolved,4.28,68.28,4
TK00987,2026-05-29T14:46:00Z,2026-05-29T22:28:00.965Z,2026-05-30T14:54:00.424Z,T03,Medium,Email,Delivery Question,Resolved,7.7,24.13,4
TK00988,2026-07-06T13:13:00Z,2026-07-06T14:36:41.694Z,2026-07-08T16:01:06.896Z,T02,Medium,Chat,Technical Issue,Resolved,1.39,50.8,3
TK00989,2026-06-25T12:19:00Z,2026-06-25T22:12:51.317Z,2026-06-27T10:16:36.951Z,T01,Low,Email,Cancellation,Resolved,9.9,45.96,2
TK00990,2026-05-20T08:46:00Z,2026-05-20T12:03:59.885Z,,T02,Low,Web,Technical Issue,Open,3.3,,
TK00991,2026-06-24T12:27:00Z,2026-06-24T15:06:45.815Z,2026-06-25T15:51:33.790Z,T02,Medium,Phone,Technical Issue,Resolved,2.66,27.41,5
TK00992,2026-07-23T17:31:00Z,2026-07-23T19:57:43.773Z,2026-07-24T14:47:51.673Z,T01,Medium,Phone,Delivery Question,Resolved,2.45,21.28,5
TK00993,2026-05-26T15:44:00Z,2026-05-26T17:16:29.493Z,2026-05-27T12:43:34.344Z,T02,High,Chat,Technical Issue,Resolved,1.54,20.99,4
TK00994,2026-05-28T13:37:00Z,2026-05-28T15:30:19.755Z,2026-05-30T10:53:50.048Z,T02,Medium,Phone,Technical Issue,Resolved,1.89,45.28,4
TK00995,2026-07-04T18:30:00Z,2026-07-04T23:18:46.545Z,,T02,Medium,Email,Technical Issue,Open,4.81,,
TK00996,2026-06-01T18:11:00Z,2026-06-01T20:04:50.693Z,2026-06-02T19:19:01.030Z,T04,High,Chat,Cancellation,Resolved,1.9,25.13,4
TK00997,2026-05-04T10:57:00Z,2026-05-04T12:44:02.343Z,2026-05-04T21:06:51.412Z,T01,High,Email,Account Access,Resolved,1.78,10.16,4
TK00998,2026-07-02T12:23:00Z,2026-07-02T15:53:35.704Z,2026-07-05T01:13:30.695Z,T01,Low,Phone,Technical Issue,Resolved,3.51,60.84,2
TK00999,2026-05-27T14:41:00Z,2026-05-27T16:52:59.721Z,,T04,Urgent,Chat,Cancellation,Open,2.2,,
TK01000,2026-05-08T15:16:00Z,2026-05-09T02:11:04.130Z,2026-05-10T11:27:54.927Z,T04,Medium,Web,Cancellation,Resolved,10.92,44.2,3
